,Accuracy(%),Accuracy(%),Accuracy(%),Accuracy(%),ROC-AUC,ROC-AUC,ROC-AUC,ROC-AUC
,minor,important,full,all,minor,important,full,all
AdaBoostClassifier,61.96±3.4,65.31±2.48,81.04±2.48,48.34±4.1,0.66±0.03,0.68±0.03,0.83±0.03,0.76±0.02
GradientBoostingClassifier,67.8±3.22,70.06±2.47,82.44±2.48,57.17±2.32,0.74±0.03,0.75±0.03,0.86±0.03,0.82±0.02
RandomForestClassifier,69.41±3.07,70.58±2.94,82.9±2.23,59.42±2.86,0.76±0.04,0.77±0.03,0.87±0.03,0.84±0.01
ExtraTreesClassifier,67.57±3.27,71.32±2.91,83.79±2.03,58.91±2.34,0.75±0.03,0.77±0.03,0.88±0.02,0.83±0.01
SVC,52.5±3.57,51.27±5.3,62.26±10.23,41.22±5.78,0.54±0.05,0.53±0.07,0.68±0.13,0.75±0.01
OrderedModel,60.73±3.41,63.2±1.86,80.84±1.82,50.78±1.22,0.66±0.04,0.66±0.04,0.78±0.03,0.72±0.01
NIR,0.5066666666666667,0.6333333333333333,0.7883333333333333,0.5066666666666667,0,0,0,0
