,Gender,Age,Left ear/Right ear,Days from onset to treatment(absolute),days from onset to treatment (categorized),Vertigo,Ear blockage,Tinnitus,Hypertension,Diabetes,Tinnitus history,Hearing loss history,White blood cells,Hemoglobin,Platelet,Fibrinogen,Cholesterol,Height,Weight,BMI,Mean hearing threshold (affected side),WHO classify (affected side),Curve type (affected side),Mean hearing threshold (contralateral),WHO classify (contralateral),Curve type (contralateral),loudness recruitment(affected side),ABR,DPOAE response,target
0,0.008332232590927148,0.06740833680396766,0.009264995401732073,0.09812355994215922,0.06216958267670309,0.009127996690074991,0.010878238754081922,0.007210026867242916,0.006550290138257832,0.005313650856838858,0.004450424105857906,0.00874162217162807,0.05836672539107113,0.04687385527025511,0.05830461327998412,0.05882220458978138,0.056812697815570856,0.05116876039624345,0.05850740047178611,0.05950170612943788,0.059914667712801344,0.02122291036064191,0.030532681109203385,0.06126281519339911,0.014014682484056448,0.012770056675054582,0.008411381773785061,0.014975302286156136,0.030966582061300294,minor
1,0.009047941528470117,0.06855392503661063,0.00901643814016971,0.10139590982001302,0.0645713078254386,0.0077151299612475705,0.009620780338420648,0.006467920821408063,0.007992310046673596,0.007449222108693662,0.003038644531981057,0.008515176382521536,0.06197988032407113,0.05226713321633946,0.06288165719856838,0.0672332587690323,0.05670555961764626,0.04816202333707144,0.05718808029984747,0.07288148689043616,0.05298338443826878,0.018008123218295622,0.019893537693359217,0.06008325448121926,0.013724902699253689,0.011833171196339417,0.009455523767806446,0.01026930647411479,0.0210650098366819,minor
2,0.008306838779351261,0.07725591425764904,0.009940029651694266,0.1071419135951592,0.06914097522388812,0.00986292477174025,0.009022542903298488,0.006357006901224805,0.00737581732783117,0.0061282587019334395,0.0033144439235321967,0.009132205019132813,0.058082735106784786,0.0519642189597688,0.06803789795824616,0.05849016195194838,0.05798405367983067,0.048605789748743695,0.05280209146411492,0.05379849951663703,0.053546369037653176,0.01838826595649294,0.02022263179851678,0.05918564067395056,0.017346255490599885,0.012600306370706601,0.00953629895506076,0.010213477183793054,0.026216435090716708,minor
3,0.008134456338984906,0.07608021717449337,0.008908615118716259,0.09322223359321173,0.05149465044062027,0.013629550818734149,0.009695616639204301,0.006507886388936468,0.009242976000896509,0.007614135181012973,0.004540761296552862,0.009081841449625368,0.05691003124900473,0.05068521649083604,0.057072027012560526,0.06764528828074026,0.05972903032160288,0.04702765910060867,0.05969442890111608,0.06728905417618651,0.06166001256364159,0.018805138264251533,0.018275505112409753,0.06022232842995421,0.016394361282625884,0.012451152443488331,0.01061530263557485,0.015424935186906106,0.021945588107502717,minor
4,0.008678162905984192,0.06944940476259572,0.009172870974977751,0.09487766301731225,0.051080985036072335,0.008776692658491623,0.010444950836405738,0.007403251524232759,0.008273569637369017,0.005862648492550494,0.0028397312248188648,0.007156667864473981,0.06206686974965985,0.05308844497061618,0.05958687258156479,0.058315742405414935,0.06568773742196915,0.05798464749357343,0.059292020497752194,0.06176392538012536,0.0636595741415442,0.02146812654601912,0.02309401676081267,0.05527760693124127,0.012532970975737854,0.012036601910948595,0.009230901450541524,0.01224067365323766,0.02865666819395658,minor
5,0.008609311139108736,0.0683514371792938,0.008385108498475558,0.12136690633111064,0.06611040883221293,0.010239281937260359,0.008522228196282303,0.005588761497320159,0.007980566084068521,0.00703778494752178,0.0024052967721774534,0.007375020191132417,0.05441813862145831,0.04976190402814255,0.0721331109981148,0.053888170234973075,0.05567109714517322,0.05157244042322862,0.054169306625668094,0.05940974340260709,0.05379875883696265,0.020103236987089886,0.022124249494966552,0.060760279982178096,0.01475666812665142,0.012766924867680579,0.008544136268839793,0.014579276686964118,0.01957044566333646,minor
6,0.007318872487089909,0.08509842805466163,0.009574755587934773,0.10113700433308585,0.06554035729362291,0.008740536889095015,0.010035103971165301,0.006242595413497077,0.007087339488690865,0.007183794765719766,0.0033024901900310646,0.013310293225039103,0.05285323850832756,0.04966324752522482,0.06025256212271579,0.05756203601281329,0.062366812042334074,0.050020902539962386,0.0560778839219897,0.06508283949891215,0.054867034223316916,0.016436374367424716,0.019504935897823338,0.05902395352452856,0.01284450219519108,0.01224807309151228,0.01074061800733477,0.015921965091912172,0.019961449729043117,minor
7,0.008760234814031011,0.07669474885093462,0.009071183958560802,0.1055384209815598,0.06523089277475834,0.008672846477619468,0.009274956374656354,0.006208280539130462,0.00821384048790443,0.006666307529734721,0.003853726773254535,0.00898124672828532,0.05607908851047757,0.05122332538961295,0.055971606859222915,0.05489608610731952,0.05495902036432187,0.05015696128504719,0.0595443470729885,0.062385640444331036,0.054266101308482036,0.019011432091806918,0.021810090637954426,0.06324517260438167,0.019519637920510282,0.014524968543842741,0.009692508302546326,0.0115004833847582,0.024046842881965933,minor
8,0.00900081965442374,0.0727195045825026,0.008603520859563417,0.1117307394973032,0.06875026637013593,0.010291829672848599,0.01011630799845498,0.0050870655999223835,0.005595487800476068,0.005884267969017257,0.00453031341636281,0.010733132399123548,0.05267644056783576,0.05652413259098705,0.053274529622231497,0.0586479433802012,0.058034027890244796,0.052673517978105405,0.05915329124490842,0.060122530951971856,0.054509877522818745,0.018358834071549864,0.023052537419840168,0.05476102303717373,0.013120585201184027,0.011946166042646292,0.009196559324636639,0.01296501782788766,0.02793972950564254,minor
9,0.008946031909175091,0.07755854228856669,0.009207037479528439,0.08559845816477377,0.04900384513019167,0.009205383043160492,0.008906004370677477,0.007844972324034702,0.0071889688771960905,0.006012527812558459,0.004203773463716143,0.008074504238256126,0.05681192558913277,0.05351584493764046,0.05605924721579159,0.06391645664424853,0.06521815348817099,0.054035875248744786,0.05843691213059521,0.06668192537576534,0.057289107016310126,0.02010124930333518,0.02383729477510269,0.06645324884578081,0.015753021165436403,0.014316404096910988,0.012226302804149297,0.012866263112474805,0.020730719148574737,minor
10,0.00909714948755162,0.08330057007943031,0.007969534176017088,0.1055186239326436,0.06677856397475762,0.007008995470288878,0.010939589570329233,0.006377551289173925,0.009321006740993242,0.0054325505001514,0.0029454562599264826,0.004619522594437728,0.05487749258462324,0.049872244754637626,0.0635987650118214,0.06291280597119038,0.058067707776517194,0.05110690723164531,0.054235853496592594,0.06729583144773274,0.05028425306083397,0.01659774752585635,0.025017757781397407,0.059969346201863935,0.01455059040495515,0.012914395916820537,0.010948669592316683,0.009519670163159874,0.01892084700233452,minor
11,0.007655373121733696,0.07120913389771845,0.00922060346244156,0.11340434830437579,0.07628773196861878,0.006967505780796179,0.007823907178310474,0.006789017070656237,0.008323722716988545,0.006838719001317879,0.0027776722919594715,0.0055260543059157076,0.0652189667525221,0.04982654699304257,0.05614274930627845,0.055917861086132586,0.06304313252353544,0.045611076775541104,0.05461287932861095,0.0634523425949186,0.05656413775906662,0.0187807389557159,0.020626061229452368,0.055061303797021205,0.015069754954028841,0.01181540499566792,0.010112212873557867,0.015023973433357405,0.020297067540717414,minor
12,0.008359686064892057,0.08093724336527619,0.008839986141293173,0.08941231435440875,0.0465184509092028,0.013246194889695615,0.011962196087873196,0.005866507580627799,0.009369992782983025,0.006728266171239719,0.0025087510608899316,0.00912764017097154,0.06275551003898372,0.05334253445048775,0.06081448240110642,0.06067204981742426,0.06708066803330386,0.0530870871355402,0.06091219910816611,0.06213548333751091,0.062128611951182716,0.022073122001494267,0.02219600378215028,0.0507170837782158,0.01146555479825008,0.010958065567718799,0.011515605626106401,0.011575953979930328,0.023692754613074483,minor
13,0.007587898958597714,0.08237132014243974,0.008805427877492557,0.10503313068763566,0.0690110964080517,0.008610797661270105,0.008530032680072944,0.0066730111791291095,0.009471332902455236,0.007053869413281719,0.0033631399751427736,0.01117905272391079,0.059356187046307005,0.05189399600664977,0.05879115738720378,0.061846577381211694,0.06063614124816272,0.054285639143529116,0.05376029498410312,0.054248478186171956,0.0512364617122749,0.017401460977589225,0.01852242395704362,0.054369081354655194,0.013870299232834728,0.013495015557291675,0.010432711882705404,0.013647324273655045,0.02451663905913089,minor
14,0.0085831631316028,0.07530162354100821,0.009794877365752385,0.1036343167484909,0.05515272764631575,0.008604664028898422,0.009994221903771,0.006613506291388126,0.006729906016971487,0.006703004786051651,0.0021236753852202713,0.008468213233613225,0.06132648238343985,0.054007518481051994,0.059205389444975866,0.055918859205758766,0.060885419227686574,0.05054290486986098,0.05719965699313015,0.06547944447896108,0.05789564371563091,0.018830332595659173,0.019403151110254143,0.0676898524097752,0.016442044987423556,0.01328529656817599,0.010403719496286233,0.011979378341469353,0.01780100561137602,minor
15,0.008765079701941254,0.07954378381351465,0.009046198935187549,0.10122995247668702,0.051592290924918266,0.0078463572576164,0.011027292273792422,0.007787732408068806,0.008478868933300366,0.007832056471612853,0.003462651218296246,0.0077903749910114735,0.060030100420374655,0.04877221657248713,0.06355965897662395,0.057232948787536896,0.05795805599153972,0.05017487761115772,0.05430163520959748,0.05709543977292545,0.05761419209550241,0.019381450829672076,0.024140488784927798,0.05444002183271535,0.015461450533708065,0.015154578945841402,0.010697128155545518,0.016929446846382142,0.03265366922751495,minor
16,0.00819703685187716,0.07732082624026242,0.0090114933724655,0.10213421734298768,0.05955041640052255,0.008927680093821729,0.008133694736368663,0.007060301772500778,0.007785330293951259,0.00559954922667328,0.003178513415182066,0.005514514560809332,0.056495753347345135,0.054511451401500086,0.059880477889920666,0.05673621327932123,0.05318225679406424,0.049820849470553194,0.0555289420491701,0.0597111948689622,0.053592779472750866,0.016246306172280293,0.026757513010782708,0.07033745801433794,0.01650921527930351,0.013038992112317465,0.007700200645480305,0.015115034791505083,0.03242178709298251,minor
17,0.00811722776157388,0.07328881059768558,0.008123119472994128,0.11484462346838395,0.0706912332368305,0.009367595537146311,0.011200316312953913,0.006466866982985624,0.00921316067755772,0.005644481189466734,0.0031256233807791063,0.005302563668029794,0.05283700076316406,0.05022226059652153,0.05917270912378009,0.051464461231898004,0.05900076903050868,0.045840298286574745,0.05857176486864098,0.06807675092762172,0.05858264331254079,0.0197761031951433,0.023070641833578553,0.050899288148597885,0.010975943858084498,0.010559787445509193,0.011743323061969709,0.011815488892432972,0.03200514313704598,minor
18,0.007062886727253894,0.06525558953871814,0.008869472272672155,0.0994150870333818,0.06209742532037958,0.014070990882761612,0.011666665242264474,0.007753111956642998,0.007017071769978137,0.007634154905118573,0.0029846478526194516,0.008806054334383698,0.06104568148793505,0.050307319030076965,0.05883133724411364,0.058545437652011756,0.062087839822582466,0.051239405685330926,0.05682183691705432,0.06219761945473403,0.05943149876512415,0.020138652188136076,0.020599670733982608,0.05673845333790003,0.014282356796744161,0.013933472964185574,0.009553914161214904,0.016313954287699654,0.02529839163499916,minor
19,0.007638867460279407,0.07850632603267847,0.008773947015929566,0.10384243923005218,0.07094266771441826,0.00840594417912415,0.009451910641365495,0.006519480591166486,0.008388284616981528,0.006731253637317378,0.0024840018644578386,0.004401840082303586,0.06049670348057446,0.049942100492505095,0.06004419947848441,0.05627210105026659,0.060314545223308695,0.047173423827402715,0.06151242469567751,0.06292580080834809,0.05728125978044281,0.018159573379417704,0.019617775117109708,0.057327128235551764,0.013645800820191673,0.012880679388764586,0.010260797802373081,0.011493245591423935,0.02456547776208299,minor
20,0.007673829051225838,0.06908173996256327,0.00827302722014719,0.1189012949489824,0.07831625867369578,0.010115018026143775,0.008591750338577642,0.005466746576373316,0.007626797729423062,0.006786635769850909,0.0037444505199493,0.010909409557191612,0.05327462209297744,0.04764726754660909,0.0557130494194651,0.0571213952795761,0.0577306232768678,0.055163114096375074,0.05721038435774851,0.06417390842016904,0.05179931085233456,0.018465742930914113,0.020126062236217327,0.05394626952959717,0.014724206513546024,0.012430325950790251,0.008466440839860059,0.012336481031376335,0.024183837251452005,minor
21,0.008412179766281813,0.08451833870292282,0.008696544348931601,0.10407283502409681,0.06391461964426617,0.009020020795561606,0.010550459572197305,0.0059816006926240155,0.013617432992684092,0.008639772735382117,0.003949545045087207,0.0067723185894085994,0.05101465013647231,0.051564507450561,0.05745796139905882,0.05781225275638796,0.06196572612305695,0.05279214868061219,0.05865108176433182,0.06258581921434182,0.05141995535727016,0.01799923627999562,0.02198111449463443,0.051878662926526355,0.014977765595641184,0.010786886312672692,0.01203154835242753,0.012954269371081873,0.02398074587548324,minor
22,0.005829731334288837,0.07222086446184112,0.007732994112916969,0.11751944334132773,0.07498023880426777,0.014378440910893442,0.010852315074303417,0.006539714087575394,0.0057339184971859376,0.005404516429721584,0.004083955239400664,0.008575320874228277,0.053145264745250144,0.04876913386100274,0.05766806742443364,0.053947824842747946,0.055024196153337646,0.051524868555048606,0.04921958455922981,0.05402400996128032,0.05327557878891961,0.0203911350361464,0.016948263898001144,0.06734571177216121,0.014990877236542143,0.01258666460124786,0.010008408748316384,0.015290792278301671,0.03198816437008145,minor
23,0.007960026626874535,0.07774524445367591,0.008420003894710001,0.1125284111104761,0.07850262559303924,0.010431906886042897,0.01003095773078918,0.004562861294365224,0.0070934519935254335,0.007781132213693334,0.0035012902844238185,0.011291634601875123,0.05334529692075733,0.04982539540813701,0.058784665394255656,0.057947571726376,0.05896020278698823,0.04724386009736261,0.05685012762057325,0.057961528009056344,0.04778713385804825,0.017465594073281934,0.02256478702599772,0.05431706402477479,0.019111011569006804,0.01289998601707463,0.009136193356328867,0.013612205582126717,0.022337829846362855,minor
24,0.010025379016885156,0.06610458672259449,0.009564255000008067,0.09523788793714215,0.057405424787701144,0.008914879378452738,0.010177767296040028,0.005918282008061173,0.006481376699022263,0.006976970774160664,0.0026597632583002036,0.008027207254517072,0.055554796497435874,0.055344395668194275,0.06227598164751115,0.06012836562288854,0.06340791583346359,0.05051499482038211,0.06345006310466114,0.07511284372547988,0.05010192728350781,0.01760080657559129,0.020242559616936363,0.058963661149203275,0.016279849189425103,0.012605485121550816,0.013225327931572045,0.014932742685786702,0.022764503393524736,minor
25,0.008814566489939425,0.06528068584047451,0.008911967648837357,0.10779385817744988,0.06826617660101901,0.009034842972186104,0.008440808015964488,0.0077110480344739244,0.005978990572802994,0.0049742701808343625,0.0030723213560060474,0.011918885030644711,0.05296615596007405,0.05054381790152975,0.05714189397732581,0.053083567082207794,0.058015227858143274,0.05159618907239059,0.052884694917952384,0.06572636029370453,0.05881264868010727,0.022038063586450635,0.03080955183922047,0.05568950437051094,0.0179300882144981,0.012596900567257322,0.009992323487091503,0.013638887956458982,0.026335703314443574,minor
26,0.008564720555707835,0.06640874375025907,0.008053859451972196,0.10590745484077402,0.07538687658846863,0.012552011973005888,0.009126899668072463,0.0057178817919320245,0.00701382207742387,0.006416212481498777,0.003587772184720372,0.005134945730779179,0.062470986144122206,0.05260478014270953,0.058947426144748405,0.05920117634777299,0.06420925252736989,0.0514400298460002,0.059002190264208276,0.06232047852401467,0.05616532691340174,0.020262532311916534,0.01606761036234695,0.05262979729182443,0.012856080371740094,0.011027119483058088,0.010224547282432338,0.012624071299973547,0.02407539364774574,minor
27,0.007688038185911894,0.0784621588900838,0.008795647596930025,0.112956378467448,0.06989907316228279,0.010854529906986127,0.009166261076058616,0.004583173895907604,0.0065421234729959995,0.007099556168129196,0.003289089078698774,0.008205636811863135,0.058325757246071926,0.048440700392897156,0.056819398058300725,0.06666280481329863,0.06425971199890117,0.05048187095213012,0.0589587721771817,0.058416058652290256,0.05140218500423889,0.017010693642192872,0.018435038521122837,0.05641303369696878,0.014242363211146494,0.01339156296594083,0.009806200282088897,0.012840490854624308,0.016551690817308423,minor
28,0.0074876387006036155,0.07080874409618793,0.008864104247037183,0.11707652814138161,0.08640716294964843,0.009785885417971332,0.00822803604121109,0.004399009193093803,0.006296374351767988,0.006977203387198827,0.005272278589136953,0.011243121099524099,0.06125789727996797,0.050094734317185925,0.057362952838620314,0.05755968795858589,0.05985744101610323,0.050689713416998725,0.055099504394729264,0.06540348324798946,0.04979252109665595,0.01671926246986264,0.01705666225725179,0.05482169498407737,0.01383802181092708,0.011741379382259469,0.008135192739438689,0.011279871692019685,0.01644389288256353,minor
29,0.0076190447088803044,0.07571035078571976,0.009365875809689362,0.10502146340434892,0.06786855437106203,0.010385277679241191,0.008650333536475879,0.0064640400490900305,0.007532614390441136,0.007348826485263987,0.00439935982428379,0.00510908601908209,0.05713448432901646,0.04888319814912436,0.059288150911425,0.05922210162661173,0.06253272932361797,0.05864465935771221,0.0555803263879182,0.059083871579027676,0.051330952487634036,0.018073884272015263,0.02310456834341906,0.05359483001040021,0.012923716055360423,0.01245950570215149,0.010906786014810687,0.01746993897995835,0.02429146940621836,minor
30,0.008506370204721449,0.08524984927004256,0.009148525187822693,0.09804792850786703,0.057012716940067855,0.00913214409068833,0.007625835307565805,0.005446960352079571,0.008386555395131896,0.005732522800789173,0.0033341915666828237,0.01296593405573089,0.061678385449359,0.05256609032756969,0.05701217783038635,0.06154029729868581,0.0650341642261665,0.05528892125334616,0.05489934165128606,0.055907879984954244,0.05774946425381319,0.019257636456213485,0.017832318644895342,0.05737859983924278,0.014166947361580045,0.013127392180093648,0.012802812997333225,0.011940381122522038,0.021227655443362328,minor
31,0.009262726795838429,0.06695290666688036,0.008308407933427828,0.0960038971298576,0.059519138140359966,0.01003268844931439,0.008895019290999137,0.006487856579757564,0.006715676382200659,0.005251520348072812,0.0028874387715434754,0.008218894685379535,0.05828614852779514,0.05108863375240203,0.06076947007950274,0.057694355416775936,0.06044972977442002,0.050757979657567745,0.05765837384413192,0.06081394979062491,0.053311592792546526,0.01752975343847836,0.022427520658871696,0.06556996302331017,0.02047548540456896,0.013537675724264038,0.009877941254162713,0.017896059165876818,0.03331919652106847,minor
32,0.007783832282908412,0.07869086066346684,0.008767885613841994,0.10912196508556565,0.06468581380968931,0.008327462169875283,0.008617871901661649,0.00566887792499497,0.007093514616444617,0.007359964447142954,0.002801118263509504,0.007489228217202647,0.06146985596724123,0.05115238052561267,0.06252823372270166,0.05320613561820709,0.05560274588913496,0.04610255580707933,0.05490999154891708,0.062216313357859314,0.055971875299641045,0.019247047922538237,0.023157199194980067,0.06813833503517568,0.015763789456018414,0.0136018471592824,0.009069404941591211,0.010422900586605409,0.02103099297111041,minor
33,0.009315453026949253,0.0608587216733285,0.008070311227790877,0.11229548740188049,0.06570540538328473,0.010043859055743449,0.010561785185665355,0.004596107383540552,0.006422782580488616,0.005235705980951611,0.004898559224551804,0.009585876258147693,0.05644998146012934,0.05125044161473755,0.053924240136466337,0.06626028833806458,0.06547066334349898,0.04579658946738286,0.06129990632489362,0.06334037314174354,0.054690250185221195,0.018624637836253094,0.022029969520711512,0.060211008779429774,0.01379074611902698,0.013053196553368175,0.012583445559271024,0.01373086683436046,0.01990334040311812,minor
34,0.008371611648441933,0.07192788059698016,0.008758706039283396,0.1024642550960327,0.06566510723257131,0.0084970800433147,0.008291383805816484,0.005078832560577587,0.00702788212011906,0.006471704772346081,0.0031009518365894377,0.007694400788244279,0.056045606998953626,0.05109001714388035,0.06239674834571874,0.05569756000191861,0.059610340422793166,0.0561968666488228,0.056010517495227695,0.06167004189738302,0.05775341354306951,0.021055247264663197,0.02766942510040762,0.05891538414581217,0.014845835025161938,0.013399987372082901,0.00905296515477526,0.014146719956789046,0.02109352694222322,minor
35,0.01012791735288512,0.06802907835093876,0.009198701129237756,0.10648681817859564,0.061619867606925845,0.011709239583446775,0.010292909665498803,0.006687650616935818,0.008552862451007613,0.006990988788011125,0.0035287334460920384,0.008049407725530566,0.0583256130203339,0.05565812784460277,0.06279630975261215,0.054738334441346244,0.05869449217370575,0.05119399802014313,0.05569995399259718,0.058926839708321264,0.05832951414343981,0.02069274806881676,0.024103568075553077,0.056165783025856085,0.013482663487409747,0.012009571371005114,0.010810567900845334,0.011704601654781408,0.025393138423524374,minor
36,0.009205262431407847,0.07342695111362774,0.009259491602666751,0.10901246753865651,0.07168942159229677,0.009588805204703349,0.008714091951696598,0.006735706846116758,0.006590646803002205,0.009660667558976804,0.002659547827735543,0.005057720213958634,0.0631242283273098,0.05112553493192294,0.058102255823348825,0.05400618329578013,0.061968355675599864,0.05100502043760165,0.05299713027538367,0.05653067766236385,0.05731304527858614,0.021184759750402193,0.024570423548512795,0.05350270777609084,0.01445032886227546,0.012296454714007473,0.011695161729137546,0.015216160198154959,0.019310791028676347,minor
37,0.009250514106182377,0.06944851469989982,0.00977641115577364,0.11858892220162354,0.07020138657967588,0.009175177951442364,0.008687843970203541,0.0062840743568415725,0.007680986423616308,0.005875821126281975,0.0032693205777143963,0.0059207174997487205,0.05442793916405982,0.052262879466186435,0.051534819954357436,0.050667937816269576,0.05682089548153738,0.04918511143140699,0.057167334255061646,0.06265611039994076,0.05689083068517244,0.020610275668561114,0.02335268478379019,0.05749654797448819,0.013821916915790763,0.012495188025252974,0.009909722430942142,0.012536939607290368,0.03400317529088772,minor
38,0.009447525046308384,0.07969712067298267,0.00977896144633582,0.10598171089071387,0.06311672968500454,0.010009609649665898,0.008862739866099034,0.006737096451558157,0.005423686248877403,0.0063156397816491894,0.003852569324994765,0.007565782121355903,0.055360065172938185,0.051077902896156095,0.05567521862142407,0.05451452110756588,0.05669319993178455,0.05263866318940368,0.05496489149177189,0.06279052359388745,0.05442305946560363,0.018949243876106366,0.02768323924128986,0.06138278275868778,0.0176856930434154,0.014380593869924895,0.009428272242770595,0.014680673615405374,0.020882284696318913,minor
39,0.008303165540820065,0.07042720797455106,0.009227139207244297,0.10213262522816421,0.07095947526703192,0.009440995946371242,0.009122126026787301,0.007693708140248548,0.007123301654442594,0.005003049648278376,0.003500423685558634,0.00638281870377143,0.06193808588043261,0.048690644117626934,0.06021088805452095,0.06208216722751227,0.059733053705714814,0.05129466569564774,0.05751694784422067,0.06170954073696528,0.055190517683075126,0.018299820857311844,0.022029379784946245,0.0650196315645073,0.017245696187159466,0.012279312212002498,0.00949601795728504,0.010245231059437294,0.01770236240836419,minor
40,0.009722644643908167,0.07779558349985127,0.009345893290485158,0.09123988334870156,0.04816271563277416,0.010564197526121276,0.010809088950369866,0.006829801217503125,0.006397118920979493,0.006650424345699,0.0037103173886927454,0.007130713763597278,0.06072974135296852,0.055534030079763264,0.059667874447512384,0.05808464839581105,0.062141298430177086,0.04978140742128063,0.062095628288563694,0.06145951079763807,0.05766754592116107,0.01877974977807166,0.026476517938722632,0.05731406678830916,0.014023023256465223,0.012648231331146165,0.010570001853842988,0.013878430228532267,0.03078991116135111,minor
41,0.008097000974507718,0.07649169487436233,0.0092833882631341,0.10294224393563206,0.060580841855673924,0.008769971470957944,0.009279721020919746,0.008228990617409013,0.0072620939001172245,0.007615434127545916,0.0035067710443750723,0.006797156469104361,0.059749042813020826,0.052886310255210824,0.06138121940178807,0.05852890989802045,0.06770341677346073,0.05314896372806654,0.0589353712645936,0.06331190627233764,0.05327973295539946,0.016548588979964682,0.01745482597522486,0.058552706790198146,0.016443280239532253,0.012724442145123657,0.010586947559024429,0.014294149233224697,0.015614877162069662,minor
42,0.007681744295781783,0.08065124029847191,0.00899822177077047,0.10309582074996505,0.058567720975516054,0.009474229500097433,0.00932835718631236,0.0068620580184288035,0.006764440913170999,0.004926401425416411,0.004845927484321329,0.008447016364314152,0.057944446243122984,0.051777930883904595,0.05709651829409337,0.059777635475429865,0.06146369018877509,0.05056009597186049,0.06068447963659149,0.06822082372811664,0.05665438417521382,0.019654530480082533,0.018766443388360535,0.06068608770672521,0.013967902403535503,0.011190063444350626,0.009170990050296719,0.012863192855634076,0.019877606091339803,minor
43,0.006575861091338028,0.09037768073216836,0.008212765218080936,0.1007298949977251,0.06629065197626229,0.01262255819281568,0.009702030603842738,0.007267077454410569,0.009003776432903779,0.005703715466092134,0.003702615396729842,0.010045222851428453,0.060429490674625407,0.048815848807184724,0.05746043953542538,0.05653705660414291,0.057051431197110584,0.05120936691023602,0.057818353264926466,0.06627835924853591,0.053963478952428486,0.01884639859999198,0.018835723592661103,0.0559382448974971,0.014434413904910895,0.011195660626112377,0.010628434080710753,0.011403902415169016,0.01891954627453312,minor
44,0.009862185978262009,0.08100891583404644,0.009865919579499925,0.0875577639652845,0.056839750867759546,0.0106039001611629,0.009616980565720246,0.008349672549081089,0.006792837589237099,0.006709586919418567,0.0037722296211871943,0.006824779864785898,0.05617053225807463,0.05220409076907355,0.06000897676456314,0.05616420393483238,0.06410996710735098,0.047866640234372225,0.056136927632822645,0.060466615910727294,0.059176669679135555,0.01859506976947979,0.030038446907772205,0.05640872053049037,0.014323014118554694,0.014465588420169557,0.010044002813041415,0.016450657889776118,0.029565351764318046,minor
45,0.007819529319557688,0.07351783905594933,0.009169596126192798,0.10484139603087501,0.06974506950358794,0.010828457889599153,0.01186993771461362,0.006871749369872021,0.006614763807118474,0.005853233012113117,0.0033159051696418826,0.008523117362737826,0.0626991918630855,0.05472752344578418,0.057585482469597965,0.06438770372379508,0.06173013080608223,0.0474343772546068,0.05798740740598019,0.05988920559222182,0.047532889346313924,0.016706556998154633,0.02233321197263287,0.05614123745527826,0.013389011490434184,0.015048470831458464,0.009143524929040645,0.01219336396363058,0.022100116090043878,minor
46,0.009287977317929625,0.07226069050586183,0.008393743607967531,0.105786264591649,0.07238153796936501,0.01057911970577442,0.009304124223482396,0.006499260044965859,0.006150272948016807,0.00610387565664462,0.004220142248393234,0.006931144466323915,0.058085125957062216,0.049647884056424736,0.05920607654136089,0.05381869410595096,0.05687032090761973,0.050624657921797725,0.05980076472280125,0.06727526857043019,0.05454783738308039,0.01844592231109372,0.02421822543797895,0.05243403063405541,0.015345287279471587,0.01338156511617176,0.01091424531790041,0.013824777845257024,0.023661162605168706,minor
47,0.008212455915323782,0.07214027855275931,0.00962641842111649,0.10260483168673136,0.062119994328687214,0.012893795869955616,0.009865416882883052,0.006340745047279143,0.006526652816142675,0.007700317138364526,0.0037554835055257484,0.008188852014310914,0.06115216210405624,0.04842071355789834,0.06230851227557062,0.05820127982002371,0.06126046532157095,0.050314999598615566,0.05874414978044651,0.06120246673860237,0.05566069655791955,0.01951349611537125,0.019417764881465092,0.057387810665469975,0.015446461809096746,0.01189428224941925,0.00872861566891524,0.01092119950409891,0.02944968117237994,minor
48,0.007446630465428323,0.06806954621493586,0.0109720988744717,0.1043362472571371,0.06197808190154571,0.010110265333856847,0.00998419149440905,0.00586718277949482,0.007812444372601954,0.005780947383772249,0.0032367693800305795,0.004686696697027056,0.05741839530517467,0.05672154270622563,0.06137768197707052,0.06118757641819161,0.061658098868462026,0.050786182659594066,0.057646936941945566,0.06079967020036923,0.055370801646392326,0.018827841185826765,0.01546048508810285,0.060018809621640315,0.014963948823072209,0.01330865536461446,0.009757642776081002,0.013526935925198578,0.030887692337327025,minor
49,0.008804532922955365,0.06759614729139522,0.00963975690517749,0.11366636900280354,0.0674444805136847,0.010094227835875328,0.009624832891117074,0.007041303604762039,0.006524088333497301,0.006706788939916945,0.0030866037124957337,0.006983833427363511,0.05454850703010207,0.04822297518277375,0.06348575556991853,0.0603578502701464,0.0638415650079619,0.051107270474055624,0.05916926865033377,0.06685055145415182,0.050778769664949555,0.016088996519318874,0.018059760978161532,0.0627902134160772,0.015384815299283344,0.012874640528503909,0.009625590072959895,0.013421070706999164,0.016179433793258376,minor
0,0.00917338599983219,0.06607047883846934,0.010840324701792966,0.09447681679300905,0.05266323409508479,0.01139546190349474,0.010058343399583525,0.010817670549750092,0.006281241818880903,0.006274450285778682,0.0021337663064099704,0.003568426315559666,0.05876577104867589,0.05288523133394499,0.06453183010405472,0.05949661981891723,0.05505769550977468,0.05473616156669584,0.0575715887963081,0.061537897184008386,0.06339870088578818,0.023126896343901672,0.024680556211332392,0.06006262562762129,0.012045042554063311,0.01217090210438392,0.009666506600806833,0.015859896056249937,0.030652477245826645,important
1,0.008933889319657025,0.05501298568803565,0.009225045879719049,0.09973540154214783,0.0541284281135943,0.008893697354100736,0.011387681763992134,0.010580829921052148,0.005330378375231107,0.008537339620501122,0.0047028805182336595,0.004507373829214144,0.06325430447611438,0.05389830937580131,0.052949993479870096,0.056896392002571065,0.055242693445415186,0.04830431914927948,0.056906454434211336,0.06323069124393273,0.08058366393360727,0.03174620606640687,0.02755330846741395,0.04731865603281641,0.011685791779544914,0.014720695471620198,0.008288555454258875,0.015436451937821002,0.03100758132383603,important
2,0.008456980097286898,0.07232660231093269,0.010044010200832643,0.09788409063511559,0.0538116580005859,0.008201221625122808,0.008782747809917741,0.007754458899592985,0.005692140579453851,0.0063454943924174095,0.0030881257675277347,0.00528766624371968,0.058323569307339895,0.06398850493295231,0.06114991531448481,0.057704623528439886,0.0525124203207528,0.05474160054821159,0.05408476556063233,0.05966272398628228,0.07139406155911997,0.02917179788460861,0.02642285122395808,0.050944302794151165,0.010851224537337684,0.013202290012879595,0.008647837825779442,0.013932618951007053,0.025589695149556415,important
3,0.007113058199525165,0.06862746156925716,0.010381990529712677,0.09721014191660482,0.048427548060581416,0.009387852318222381,0.009664581420317684,0.008716602042388487,0.0049335948389604,0.0044243984948844775,0.003923033951061772,0.004717569365694302,0.05547348520571906,0.05403980985088669,0.060175204379382216,0.05396871818415785,0.05979778472528585,0.053840505753571216,0.05857574527263225,0.06857177973940072,0.07323515042771803,0.02814206037346606,0.023225513416141916,0.05935877938628322,0.010382607484055726,0.012544453078730465,0.011566023589840997,0.012476799501148609,0.027097746924368445,important
4,0.008042162321520782,0.06435536901329433,0.010017422895818187,0.09382886027947886,0.05619988543967623,0.011505455106082547,0.008576495159227761,0.00763396944975766,0.005615672091632672,0.006161884225169103,0.003529314649517118,0.004744002598281604,0.05762257668408743,0.05783018734121981,0.062302021250343814,0.05514049760354794,0.059799521003430216,0.053037328137274464,0.0545880702574786,0.056829987519712556,0.07189257544239173,0.02621894228703552,0.021180037135024775,0.05701985043393952,0.015056915317838919,0.015041644550521075,0.00967583060481935,0.014898840496693783,0.03165468070518377,important
5,0.0120276768226419,0.06542166298158342,0.009058882516915957,0.09482681589765407,0.04712194780328947,0.011773217111298973,0.00948978350497704,0.008387286188268029,0.005688345085807803,0.0048763483835972,0.0037770943433231494,0.0056202347362722905,0.06506953044725303,0.05474055059251893,0.05887914758046948,0.06043073452558233,0.053868126743505954,0.05064456764703325,0.060098573973482276,0.07073634854565024,0.0630011662975261,0.023206704932157412,0.017465643487633596,0.058218043055521085,0.010771511162307122,0.01300123887594514,0.010215635383044592,0.015917763981540826,0.0356654173931995,important
6,0.009786619798340588,0.06671616728361934,0.011593061493671345,0.08974737796779632,0.05383179756427375,0.01008115232684774,0.009292086019383552,0.007746102692212272,0.005412693350204922,0.0074409228085324484,0.001974748753721655,0.005546109813508486,0.05714793084379465,0.05691762103438915,0.06159710761010127,0.056263195722200864,0.053946679384470085,0.057099746992028674,0.055677081820413664,0.06388133554925594,0.06949850345345635,0.027095747247447177,0.018197952254494113,0.05835113178003618,0.009770641529548344,0.014952082657777562,0.009589186102910286,0.016747488629913408,0.034097727515649934,important
7,0.007596139516323451,0.06507048980331208,0.010639600291365738,0.0982193499205567,0.05490367075904025,0.009163164131238723,0.00784716144384477,0.008988983850780053,0.004618524316213566,0.00630047196386093,0.003262199635107258,0.00463658912990436,0.059088632148612895,0.05146025003603051,0.061666714656043536,0.05298799238750287,0.05452994911107283,0.055316735841378036,0.05775158568946301,0.06339078553689388,0.06937795674234809,0.026588415053389925,0.021886273694992606,0.05931972485801694,0.014480212947312648,0.016491278662276943,0.008804783486315134,0.01535536727876448,0.03025699710803791,important
8,0.008660878849577829,0.05676913621342265,0.01146252658548296,0.09187926065954705,0.04744018529190856,0.012348023190695376,0.009497405936120541,0.01230966377422557,0.006274934414304942,0.00691241469286074,0.0028718743970802896,0.00425647869611671,0.0585132933657373,0.055340037148123015,0.05963352556353959,0.054312094405194224,0.05687852457859719,0.055199451734247965,0.054712391731413915,0.05782402856498136,0.06718541094280099,0.022933464521529535,0.033292934233110694,0.059948666950307636,0.01387836633584882,0.01544977544805653,0.009228062041811735,0.02143199224448635,0.03355519748887008,important
9,0.01005008857254074,0.0640565884873137,0.009570102599271494,0.10011857028568676,0.05180809623240622,0.011907655218429554,0.00919745225935497,0.0072860393549917255,0.0054203830544035094,0.007021497133173776,0.002580190984095348,0.004847239095487179,0.05895984930373875,0.05464524845439624,0.054375825379994254,0.051973902412716946,0.05458732051732484,0.053286107913736946,0.05709260052692312,0.06714915212120026,0.06574516810844874,0.023459840519548445,0.021475634672038217,0.05893806429716159,0.00935841158949331,0.014206538124731901,0.00945265379468772,0.017334861958406774,0.04409491702829704,important
10,0.008679374379276673,0.07583373241185987,0.010901402421810376,0.09649319162825312,0.0539917789154177,0.009004679650734402,0.009610809877189977,0.008002299221836904,0.0061034034996675125,0.00457367649579301,0.0024640656747712706,0.00466137523207614,0.05767663483367191,0.058498452311985694,0.06004152359274889,0.05547226577053723,0.056328705158555814,0.05142942788938967,0.05850916179293439,0.06735883149073055,0.07040055692319441,0.024724132627477056,0.017288067916062636,0.05345931432829309,0.010020494290813227,0.011327822741136874,0.009683793466490297,0.01776715649807099,0.029693868959220323,important
11,0.008281687794352286,0.06686643719670439,0.010293839973451412,0.10336945532394867,0.051991225021691095,0.009881711050725085,0.008557392944068713,0.007634803701161175,0.006583464674222807,0.0064518609123391385,0.0024603571373764386,0.00418811272957475,0.05589755397051903,0.05202612537511583,0.05845104808847853,0.054163947735446416,0.05511204344082991,0.05263931986917001,0.05802228219753666,0.060702731224066685,0.06650466518960091,0.02434733446005019,0.020350465959196703,0.05514597440421145,0.012984827029372316,0.01679418432210982,0.01113578332105066,0.019627121857444967,0.03953424309618397,important
12,0.009998536659350287,0.06924624778064752,0.010240682868969087,0.09254329586472246,0.05285841856107258,0.011567967811045495,0.009396014552690155,0.008608555958946143,0.005726785850765981,0.003884667600456782,0.003534932972231386,0.003938251188922366,0.0540893451226097,0.05391789555839797,0.06251352769932482,0.05217972305023946,0.05274718445894118,0.05299594263149714,0.06450913203505806,0.06470499842274548,0.06925941325544258,0.02061250535604043,0.0208754800536145,0.05072933809886378,0.009791557634102091,0.01807049577664162,0.009801758988973246,0.022992988748834424,0.03866435543885337,important
13,0.007411277716047303,0.062230559952118604,0.01053078141208921,0.08718806701950928,0.04806090678854571,0.008164010972890013,0.009395576330926464,0.007845161788639192,0.005725322929926968,0.005527520806628566,0.0023713079808453173,0.004449208748913782,0.05793632018800161,0.05611567865477944,0.06706029696283725,0.058662411787313996,0.05578889820950225,0.05237874762471199,0.05291904123674234,0.06405289222838459,0.07694312317951069,0.032269828513322794,0.024272600862701933,0.05709635704944553,0.012095240260675063,0.013508101643146916,0.009562706684148378,0.015606722987003647,0.034831329480691384,important
14,0.00930363685576031,0.07092417050412232,0.010796863180721001,0.09491474673186963,0.052403348304178754,0.011306412924527645,0.008996228570788413,0.010261038703914404,0.005784147900706888,0.007493450819776882,0.0024839746396937874,0.005433305233766774,0.051600116252954666,0.05321236069389181,0.058631908645419666,0.04995009365788529,0.05570018577351628,0.054373914398919164,0.05991755124506823,0.05774302118593807,0.06981763778185968,0.027496485435840233,0.026946539152931815,0.059594154036254544,0.011632998555111787,0.017298301783084953,0.007883147832751193,0.014430541071747734,0.03366971812699808,important
15,0.007486181241482143,0.063609968373892,0.010185401498506913,0.09992579465260343,0.053697418935387375,0.015390441677251763,0.009343538664699915,0.009096371080821822,0.005922722552398349,0.0067625435436814456,0.0022486436956561696,0.004342357228106756,0.06364567174769244,0.051955499028036436,0.058757739601507916,0.05601388389505975,0.052914860244296626,0.04758440580006876,0.05374048706807788,0.06177523584360467,0.07363425960274698,0.028423199818450394,0.022650088070580037,0.05880420197186908,0.011562959608091696,0.0144366655496968,0.011712409005914236,0.012434900870323942,0.03194214912949411,important
16,0.007195309958598732,0.06490908397425324,0.010670262076295211,0.10019741274733475,0.05144511210463464,0.010886135657252941,0.008731021306526414,0.008189189167178328,0.00584928347130832,0.006329057308905738,0.0036167331863962084,0.004825886878777438,0.061511099955368305,0.05026513559751663,0.057685821121291087,0.055818279672094843,0.053849674374902186,0.05206222307515237,0.053381110729170796,0.06058923098546772,0.07931358934428988,0.02801902490867508,0.023976908658393577,0.052883727218940885,0.009461338587533086,0.014236195137500664,0.011085463752787907,0.016222782297450673,0.0367939067460023,important
17,0.008617802907384226,0.06996875231469106,0.010480200874625277,0.09485259311249403,0.05135550042032941,0.007820808218861969,0.00888333696827787,0.0077121156241222386,0.005777706864302612,0.006423738431298143,0.0025126059706972463,0.005640998611939844,0.06297985319104334,0.057642403347418505,0.0624417103798297,0.05449042467003969,0.05651688606119042,0.048403595289259166,0.06381100900794216,0.0586854642609564,0.07249070818273096,0.023607044988381492,0.023874351143423046,0.053387282376236835,0.009354056759423378,0.012125348725896268,0.009166634565882046,0.016580659695010602,0.0343964070363121,important
18,0.008332027536505915,0.06500405346173262,0.010447395728290846,0.0975667941437922,0.053875534227503165,0.009825460678454669,0.00948594951612438,0.006446194649579208,0.00505199045356923,0.009070422040378043,0.003430729001323513,0.004910142821641266,0.053619944246662124,0.05824719102025285,0.061134615430676977,0.05868690385610163,0.06299877532825705,0.05261305231370091,0.055485737285143576,0.06355072140272626,0.06702791530144807,0.023031588709009797,0.025899650895668574,0.0549468845307453,0.014183887891028929,0.013248872015496125,0.00952429311545567,0.012230663667669858,0.030122608731061186,important
19,0.007080326615368991,0.06346999923542096,0.010002773070250728,0.09993363658595412,0.06368439535361886,0.01103079818811959,0.009261975507301623,0.006665903270206707,0.005412627324531859,0.007704666030876585,0.0026147903893683788,0.004949001723235262,0.0652568852053506,0.05772003609933955,0.05762850992537787,0.05584382918950676,0.05784684820346081,0.05378673630572201,0.05681856887057151,0.062446102250767486,0.06182399897060531,0.022027769565707362,0.020406223281130596,0.052321610824776314,0.012350271602120773,0.014785021491089767,0.010716621106730623,0.019043019984837945,0.02736705382865123,important
20,0.006448031898501769,0.05546699507570087,0.00995352866700858,0.11407097168357946,0.07581888799547558,0.010104788205730467,0.010077739887829961,0.010802898566004148,0.005131014590419216,0.007656209303722977,0.0016226689021139312,0.006411184393882666,0.04960936886027018,0.052294982988803244,0.056323903808611867,0.05012304331125505,0.054483130316025495,0.0459766993839615,0.054709040592466,0.05619270325326163,0.07494048718821321,0.02903121774099166,0.01986081029455435,0.04599649599216523,0.011335105851082352,0.01071025042025406,0.011039121726611634,0.016033912826678355,0.047774806274824645,important
21,0.01048437991219228,0.06660756039307598,0.008856499806031145,0.10386450438960089,0.0549835247905788,0.015748257474004847,0.009766924453658541,0.009284440831032557,0.0063799586232550195,0.006535252812287647,0.003288463863453255,0.003557644270528842,0.05557913529240025,0.05283401840047121,0.0516056181305458,0.05053837897032483,0.05186732420298768,0.04607989929246278,0.05900678906729974,0.057281715321778406,0.06758778133243253,0.027050301615226577,0.022322495905241324,0.05497357299051461,0.010776414505603798,0.016798832265360882,0.00926153224216171,0.016686537135006126,0.050392241710481886,important
22,0.008587061377328727,0.06183428949867533,0.010496925764572753,0.09807647430870836,0.05458559509696074,0.01162424219221405,0.011230512199099067,0.00883267627572939,0.005795633331069391,0.007172961103977521,0.002485770992918948,0.005631161086164723,0.06366306827797237,0.05299083949858743,0.06020808593981416,0.05638725749982813,0.060152890244990986,0.05262902888085926,0.055789815316645244,0.05828468672344076,0.06800652923072453,0.024869795333537392,0.020865873575534166,0.06082776007712164,0.011822104375224261,0.01878335472799374,0.010109402883474476,0.014158204558489627,0.024097999628342616,important
23,0.008654149217461138,0.06909407507968,0.009864658899498675,0.09657412477477684,0.049035800517988566,0.010895828765734918,0.009462070415249846,0.010277987878068717,0.0060915210807470305,0.006659899607965994,0.0032581760614281336,0.005357343630498865,0.06508315059531776,0.05159156242227355,0.06564426952127393,0.05415751426891978,0.05950926234008412,0.053193491766294,0.055589362852959213,0.06703825707547194,0.06563102983308644,0.02080735636891745,0.01909722171179644,0.04795396665190629,0.00918719699379102,0.013929577678251086,0.011340137624556572,0.021704113218515474,0.033316893147486266,important
24,0.008328854725122844,0.05865256143401625,0.012058310423459683,0.09765435319128585,0.057170828977852126,0.00887058895544694,0.00932798959637509,0.009003536395042908,0.0056500915976712635,0.006973686845210361,0.0034704851518809242,0.0049720499587109545,0.058242998069330656,0.05624774037248234,0.06290845729486363,0.055742566893891766,0.052753309987837706,0.05145385711397414,0.05511498781535609,0.06464422932846742,0.06535088409812656,0.02364617313341458,0.02175103131533356,0.06291356422496759,0.011911334640269224,0.014436654543730583,0.00980837461818598,0.016670795421635156,0.03426970387605783,important
25,0.0085564805094116,0.062068549615352006,0.012115732466507514,0.0974306257303459,0.05099655464412148,0.009505765181402342,0.009662769842344347,0.006608576289557773,0.006507711395938924,0.00768118179464846,0.0022072157178467627,0.004388454883820603,0.06805962205017378,0.055753131191143536,0.06641243463172067,0.051596381234388006,0.05841258323361949,0.057318930224054605,0.05808223742225674,0.05990820704534481,0.06054022225704815,0.02116541480391453,0.02432726819329131,0.061854760337922865,0.012591221792914534,0.018989994365670084,0.010782838788052319,0.009901724365547383,0.026573409991639565,important
26,0.011206300060981809,0.060198350940739914,0.010102615248170518,0.09216917184462611,0.05174354907665001,0.009976671508273815,0.00976395460499785,0.009036859628866847,0.005742877916672984,0.007604169978169025,0.002454331794600579,0.0053597552622193815,0.05816367003461027,0.05058347718359092,0.05825006200401323,0.05359124167400189,0.05469582819001398,0.05087389989772207,0.055865243046862474,0.06325001607550518,0.07701191847896054,0.027171101569584816,0.026387827580456776,0.060555312028618954,0.011829850008140307,0.014028010518853525,0.00930403133193133,0.019055498290734135,0.03402440422143067,important
27,0.008129845972718123,0.06786758048739547,0.009936370922776185,0.0992881289684142,0.05496905017292258,0.010289927989493483,0.010259346340491495,0.0074079063089995964,0.005613097579520376,0.0060430999168544115,0.003654634645352778,0.0055672724520962336,0.05888682139464152,0.05473936995812196,0.06081432613289137,0.05973073839460803,0.05240450217974972,0.05170872994166832,0.0567036069906318,0.06965778430999527,0.06246165519528587,0.02405993704835363,0.024871027207429376,0.05697201635358787,0.014218536101070909,0.014697505515185167,0.010737880925688151,0.012135384498862223,0.026173916095193803,important
28,0.006895047292603453,0.0660349065726088,0.00972594881548979,0.1006288505999191,0.06317168649875467,0.010180297097827879,0.008673345554644026,0.007463859300579525,0.006297840983566346,0.0063401885072979424,0.0025630982195603324,0.0063856032844757694,0.06290844886528271,0.05280287258835933,0.0602440744159623,0.052309380262441765,0.06454256052821546,0.04925521102098997,0.05533661108821435,0.0654011783743602,0.06679474879053997,0.025466462892669177,0.01680571370516496,0.053750510832363034,0.011294713068101028,0.013650047986615663,0.00938715646835147,0.01836879645639239,0.027320839928648744,important
29,0.007658620644363478,0.061594849864238584,0.010438376831871298,0.10355994175642008,0.06046031749222962,0.011597391771424492,0.008910512710214986,0.007334882924478882,0.0060332810431364715,0.0054552088622006195,0.003916422999921545,0.0038779909181033,0.0630020951876679,0.05557105182049529,0.05823420740728947,0.05368456917595132,0.05981010212738471,0.05283017891542595,0.055199387901242215,0.06059304776606321,0.06015013715172588,0.021228839940645717,0.022353624914691932,0.05995003167235568,0.011674114074728603,0.017703155019189287,0.009667627407606199,0.014897640983280048,0.03261239071565328,important
30,0.009675243091564208,0.05790801941966872,0.01048285313861874,0.10565655981984257,0.06129778248650793,0.00856644467174395,0.008760120215337668,0.0083678681658565,0.005876346660403829,0.007917830623125273,0.0035165314669450814,0.005800287728975151,0.055835335351030156,0.05890966857722603,0.059659152729016666,0.05509573541474004,0.05605082828490089,0.04900854805935609,0.05135834835145686,0.06471894882462238,0.06171146603930605,0.0190773386878439,0.02039509091752343,0.061073893690582304,0.010528164034028724,0.0162583206095986,0.010544249413569838,0.0179837046261228,0.03796531890048576,important
31,0.00840529964212219,0.07160286740798162,0.011230229383675756,0.09436672490649896,0.04964024698140128,0.007749963011119124,0.008952895884582278,0.0056432801423671785,0.005939425906983488,0.0054661471999312905,0.004052126616713705,0.003932599625399351,0.057648001665955705,0.05922425468544756,0.05806164397398319,0.05594190663719974,0.055672263958634755,0.05125222737110011,0.05512943653513801,0.06154706289705214,0.07392403286363884,0.03052856427585669,0.021348226730509127,0.05877975325800521,0.01361357995022518,0.014888329823676308,0.010020595262149662,0.0191957219414813,0.026242591461170233,important
32,0.0078776382113956,0.05807950666938498,0.009452530806992498,0.0946108204539826,0.05142179506191243,0.010568580996090557,0.009805643520552479,0.008723367330081212,0.005603687659939686,0.006828826062625759,0.003729530912633697,0.0041467638719336515,0.05568997969036522,0.05401917879506093,0.06019692111176008,0.05677540644536952,0.055421720908554684,0.04623473469785681,0.056233025307331694,0.0629580616085705,0.07170435296959689,0.03358741752298305,0.02222046962142478,0.06024618132296848,0.01358129004250443,0.016437186623094045,0.011175520683655156,0.015288317609509643,0.03738154348186907,important
33,0.010249475507821558,0.0605896436015869,0.011107776227124474,0.09555418359592431,0.05093400623837156,0.013994871059636257,0.008790518916310773,0.011141615685912981,0.006172970023683995,0.005176129494856433,0.002800888060030782,0.005095046713730469,0.05974227880800251,0.05765438170428313,0.05932609441276434,0.054847819583304716,0.05273043018532894,0.05868614784539373,0.0579096074668525,0.060865272702912976,0.0714622749720746,0.026543983656915373,0.016220472659728737,0.05593505758869924,0.012841490526955959,0.014927521084959518,0.008358542645936119,0.02034458170669109,0.029996917324206066,important
34,0.007547225679202475,0.06767529050034408,0.01032849148682322,0.09034463589574032,0.04513695389370905,0.012690004588232273,0.010449612716551948,0.00827229826665579,0.006072392822785996,0.005812675517076074,0.0027995964892047055,0.003655047562719811,0.06560722897093062,0.05661582409922125,0.06099870971460401,0.050419421824803676,0.058147318017252404,0.05151178381989491,0.05323911835787278,0.058834816349449155,0.076955979006177,0.029704347075834102,0.021045986538040563,0.06050764364052634,0.011269954596603652,0.012388214620437363,0.00923557157609568,0.01680284236060356,0.035931014012607086,important
35,0.00991003909369724,0.06258043540582979,0.010486840994428684,0.09908017262155293,0.06136317414584618,0.013250162088910713,0.008776223009645345,0.008615210475405331,0.005095688731337848,0.005384381014059788,0.003906720353044409,0.004713984111101913,0.062277396173292775,0.056302152486156214,0.061111272455989164,0.05346094125993835,0.057176049709087906,0.05370631680512154,0.0604028608084688,0.05884869522620075,0.064053404164563,0.02194457664632359,0.020136066677282086,0.0561343776222489,0.011071368272745788,0.013842064395015272,0.009197590612828996,0.01640906666320591,0.030762767976670824,important
36,0.007104260701532429,0.06620102031148913,0.01084197042861732,0.08821847410203638,0.04436879765757914,0.009582196803084067,0.009107687402692022,0.011464672589966104,0.006001651463844688,0.005974717531446177,0.00347592664870986,0.004382781440381905,0.06192011066875457,0.0569242499438181,0.06450199919520197,0.057113222217856044,0.05723003303340384,0.0532901150545287,0.062250017853938557,0.06171756847608111,0.0756896587303458,0.027576962298780382,0.026129888195607368,0.05788929343879643,0.01055657831781483,0.01295489967296898,0.009816235773586127,0.018156623460160698,0.019558386586977342,important
37,0.008143285876475868,0.06317233467288035,0.011105762525705982,0.08887685753050495,0.04387965375666634,0.011789154313796426,0.00922529816543109,0.009701119126975185,0.006589405224774495,0.005451335902871599,0.004018408749822249,0.005437298072844934,0.06011678201939041,0.05415183390920799,0.060946718734274354,0.056499569396122454,0.06330108790710694,0.05421427496153738,0.055175670623921834,0.06508673544444482,0.0676765828492619,0.02386031919997854,0.022075414474438372,0.060041879975506106,0.011290097703994674,0.01726024372528043,0.009325701101946776,0.013705737371670162,0.03788143668316742,important
38,0.009000810862962776,0.06792742333957354,0.010315372086958428,0.09118379487612444,0.04868136981037092,0.007505017779644469,0.009070650730595098,0.009200991434608934,0.005351462023233178,0.004551854218100426,0.0036412532695420346,0.0036183751962720117,0.05665401279589655,0.0544561003578686,0.061469523879107306,0.05611634390940108,0.060633357840964054,0.0515883517598825,0.0601267281216207,0.0637200059108557,0.07045122852319953,0.027824141528403006,0.020113651683819036,0.05599484175844439,0.013546894305875502,0.014173084295825011,0.008131753098092944,0.01826577348691409,0.036685831115843844,important
39,0.007859977236041968,0.06724468625613648,0.010209496882983648,0.09498984147035781,0.054120358268917,0.01130504310653925,0.00941996154149781,0.005430056461489111,0.006010365215700337,0.006123449025277032,0.003500812662406276,0.00436951021951811,0.0587618514177721,0.05693596334090211,0.05511693499397539,0.055740071256471,0.05334880036291451,0.052192449779396605,0.05610857871771571,0.061200230465034526,0.07237215651751396,0.02627896088920205,0.023009664655983256,0.055294718908471666,0.011218958365088476,0.015016562614495644,0.01097297415939804,0.02070814098720532,0.0351394242215948,important
40,0.01031873933982025,0.06298597346472257,0.009233403952330755,0.08263964726226604,0.045417316241649054,0.007817918833434427,0.008589483625045406,0.011362057173390094,0.005903259632754602,0.005205526644031461,0.002653657440360263,0.003278909406602253,0.0646056413792622,0.05326949081972628,0.0627271945222768,0.05458138792229129,0.06189659676611444,0.05294214069966585,0.057108153267264504,0.06247779345534691,0.07469365255903365,0.032228115080090845,0.02857349644767869,0.055661738619844234,0.011473582184675717,0.012899266430372178,0.012892355703050341,0.013065425501096614,0.0334980756258021,important
41,0.006905357288466648,0.06460095390617615,0.00891365282335968,0.10146752055340981,0.06576123679698558,0.008769745864374916,0.009768814948643066,0.005885536381945809,0.005110031376828548,0.009325090465115348,0.0017386568093844933,0.004562587368218068,0.05150759634994663,0.0530508885691421,0.05368476631608117,0.058167107763694194,0.05269222693636354,0.05317196729615901,0.05978819538606066,0.05746080160207136,0.07112520329657614,0.027642006263908135,0.022734876234474982,0.048088306076348404,0.010288883057341061,0.014138220954882099,0.009467070919324918,0.02772399471714419,0.0364587036775731,important
42,0.008610761873425887,0.06034199225464635,0.01130854740065392,0.1049818721737977,0.05895073683252921,0.010616469416320325,0.009116905073082696,0.006305040928545925,0.006937426643652685,0.005019837320167976,0.00224251877719549,0.004564940164569376,0.06202716680960739,0.04953269582024756,0.05683520056726843,0.05393188710815105,0.05691733039645146,0.054305396731641434,0.057796367740832875,0.05553008410380301,0.07266134352901729,0.026251830471331925,0.024397399992435013,0.05629334870079967,0.011116564595054093,0.014166065529107128,0.009527973788639028,0.01871216286902335,0.03100013238800179,important
43,0.00784174939712031,0.0744759241042129,0.008995070395605103,0.09452743644512772,0.054882542454200905,0.010257302249746242,0.009783480570406273,0.009947739574212203,0.005173426859248374,0.005576549389366349,0.004270733421822476,0.005168319137763507,0.060423980310338944,0.049556571754800896,0.062061338556889015,0.051922509730755594,0.062428513901735955,0.04860828339006479,0.0583821938456381,0.06051013779648222,0.06263765893523061,0.021127695421860902,0.020573542991886896,0.05420407546009932,0.011138849315926775,0.015008505364879517,0.011495690813636822,0.02486961364810084,0.03415056476284064,important
44,0.007592953695681667,0.0598631691629905,0.009478597671279052,0.09212234413335271,0.0554841803206268,0.014755268856564566,0.00857076933049023,0.011730000963144773,0.005999969356925815,0.006547691560199766,0.004472417500826356,0.004619912289410129,0.055161151229463835,0.051945020279310215,0.06108290421396793,0.051002376999766036,0.05259697868001401,0.05338375759381055,0.05040686283364221,0.06006074934870639,0.0683448796621832,0.029915228796321042,0.017329691026518365,0.06136696065438981,0.014168213005083957,0.022261491886007515,0.0121153579230673,0.022809281766319845,0.034811819259935595,important
45,0.007953627849936936,0.07682349640056547,0.010921288423830854,0.09130662684218015,0.05724533859903559,0.010773821057387266,0.0073963280225175934,0.009315738248986566,0.005942425179041002,0.004047272796841412,0.0035865267781058406,0.005978859242078246,0.0582791623098098,0.05297222205527622,0.053343114587535434,0.0572931698333984,0.061301071727327135,0.04588153019570107,0.0561660886608414,0.061975465076380624,0.07553862050672853,0.028601122049202683,0.02237328316032179,0.05304582526055781,0.013219793263371821,0.015894982022960472,0.00984399864043477,0.020199994494005367,0.02277920671563981,important
46,0.008132604584396092,0.05827834108155885,0.011289288861214183,0.09788728822045074,0.04304427699620933,0.008577792390753626,0.008402580917825047,0.00869742282941277,0.004854503894982852,0.006865253535456153,0.0016251135333481452,0.003989451456704746,0.05483488437079659,0.05843165601871922,0.06264834497195351,0.05194923556395652,0.05826466155358106,0.05027166902691833,0.056678690107316264,0.06590124940907403,0.06663065743370251,0.02399386639349204,0.02501654316370523,0.05530702355112472,0.010968127763692612,0.022026900231667482,0.010884451573742595,0.016236419330891417,0.04831170123335326,important
47,0.007994883223756414,0.061128657436173676,0.010578044874255968,0.09727722144115976,0.04700545664607348,0.007869366534829562,0.0095189240161027,0.005844169545517502,0.006530424414077945,0.007541675721693031,0.0020706271262355283,0.006609477970849917,0.05814407144459945,0.057299783699373344,0.05467661162463117,0.049964641656349465,0.0542117605978816,0.04744502334778415,0.05498965384067895,0.0631247600994256,0.07817791655909823,0.03019145546072015,0.023874325842903773,0.059795443164236774,0.012304165999321324,0.01966865634819793,0.009006975060670027,0.018488992022484056,0.038666834280918536,important
48,0.007525345327077695,0.07816072830568188,0.009719661250284024,0.10391383867027722,0.06066525092809238,0.011466942906932478,0.009105839342972877,0.008191052504906118,0.00575333777395448,0.005912372633541154,0.0033712062005653996,0.005103444753501622,0.051643111129003126,0.0494820113298724,0.05869508763070983,0.051704824922555626,0.05519971561242047,0.04766207980529175,0.05261286344941377,0.0571758569495727,0.06995618317693665,0.025843432390611057,0.031648604793116916,0.06135977790363589,0.012480994926098034,0.013533720320004241,0.008869660745643907,0.013429444925856092,0.029813609391470302,important
49,0.007901762955847427,0.05898586587113297,0.011182763298290403,0.09931267026457617,0.05768544375954146,0.01063259064984657,0.008891366195411662,0.00887810266425262,0.0063749565734719,0.004117171247586777,0.003716892592811939,0.004766590441857785,0.06810848601729162,0.059912416934688954,0.06042569914202399,0.05277632890303521,0.05793186028900641,0.05018256368075301,0.0589343101010744,0.058707349019451245,0.06801994996145062,0.02582712354957708,0.022097690709760177,0.054810072728858836,0.010390391563676946,0.015435786215446178,0.01061048924406835,0.01321532498634889,0.030167980438860334,important
0,0.008257822767579616,0.062005201901896845,0.008943786462375035,0.056861844597577024,0.022028422393624455,0.012254669558062405,0.014266357419723314,0.006092346679697732,0.004298211288982617,0.005124053938014501,0.003531093463619257,0.003095698481726454,0.04841207766779488,0.05895160475407203,0.04843847362012221,0.0506234550297932,0.043971552936425455,0.04257053858827699,0.04642721860960695,0.05211552018735282,0.08743466498593534,0.048192992544535754,0.031210817533683637,0.04096049483637693,0.005871407758799616,0.010382274873302736,0.019117007319352963,0.05931081068752431,0.09924957911416503,full
1,0.009683317501383126,0.05787350609065766,0.008019669975785355,0.061081446864086814,0.03053082888813224,0.01213305267304466,0.009137852091430837,0.0056801678690919805,0.003666012276385727,0.002792692020074696,0.005106590548910971,0.003869845412678673,0.04613373644529316,0.05321157351967115,0.05174669351017535,0.04882740894454464,0.04181347353913009,0.03790607673467006,0.0369490603239619,0.04370920443923828,0.08977269845531735,0.047646687280353574,0.04155672292693855,0.042279355142802205,0.006014347238961694,0.008586105564950623,0.019722246301449826,0.050745239917003034,0.1238043875038758,full
2,0.007354558196306641,0.0711230393962607,0.00668503821918214,0.0595025457955526,0.031348966559512734,0.01183040684687631,0.009120665994438901,0.008270559788565227,0.004052670706339487,0.004820475132998688,0.002769647710314501,0.0029300066302858753,0.04612446044657458,0.0470085413047578,0.045911975656171576,0.04451420065832221,0.04747275465122024,0.039106750603138715,0.04619847462471609,0.05436811827840961,0.09199840930615615,0.03854813970852865,0.04916796967704077,0.040230013343866826,0.005718718599160289,0.010036154049205446,0.019712156939785393,0.05035768376336499,0.10371689741294678,full
3,0.00979000490223067,0.05883133726353747,0.007260064956373083,0.057377737015246386,0.029412611220681676,0.014847678827985268,0.009230619653759299,0.006739146944799201,0.0045394436063055715,0.007498927943827854,0.0029405205007039495,0.00292641446618,0.044180381815454084,0.05044179112660991,0.04567042337779907,0.04256309110189484,0.04255505547935299,0.04357956757945669,0.042942311689140096,0.04526232273158976,0.09973347262468538,0.04706867943630687,0.043102962674209024,0.041460821509205874,0.006538603482507406,0.009611677787154506,0.02285596582624535,0.05706064381506238,0.10397772064169518,full
4,0.008853090776272415,0.05377770440369216,0.0076956290318195035,0.06852303192329137,0.03499105258975677,0.014798491537417288,0.010563480995709756,0.008150279199416232,0.00480512789150862,0.003908747049850992,0.0055052052420558285,0.003435193684199881,0.0462789095748443,0.05183509283014307,0.049737078835041165,0.04979904107976095,0.04299467287655627,0.03744234392189535,0.04318849248749184,0.0503487354264558,0.09083146191569114,0.04423977364291299,0.04035255197885428,0.03485273656334732,0.005948234352691681,0.0085536006702486,0.01749427996114167,0.05958905071511412,0.10150690884281881,full
5,0.0069032395981573754,0.06407592926077808,0.007955723659036608,0.06521404038153583,0.03302846667321869,0.01609228075128056,0.00781633045443314,0.005766259342375054,0.004836009847080003,0.006971415457206807,0.004653448336528373,0.0034317718164930283,0.0394755907227683,0.04872674984488181,0.04576901393881167,0.0482246947083087,0.04394463239043322,0.042680631713670425,0.040757651057291525,0.04753575790149964,0.09569816268387585,0.04139336039003454,0.03569849205519491,0.03656812541400955,0.006049438235695603,0.008970992566218316,0.02599416570155506,0.06994403532532449,0.09582358977230274,full
6,0.006625074468939207,0.06748066509874974,0.008473847650664085,0.0660874470059384,0.03545461778981435,0.01046403384601293,0.010524429998441222,0.006748633470839733,0.004575270921994909,0.004803176568126229,0.0022240854545057306,0.0026952969644174923,0.04417668053306275,0.0493932676158462,0.04762084341646752,0.04413000864100685,0.04254862545751291,0.042549330927080665,0.04601192575984572,0.049934516617926875,0.0958825347943065,0.04612529841647619,0.038576031666344775,0.03737944519010356,0.006481817301249635,0.011045120508286979,0.023878756450356024,0.06714923059796755,0.08095998686771531,full
7,0.010397617302620737,0.05375823309193629,0.008807019814326073,0.05329264489572898,0.025650173167117978,0.013215533873322801,0.009972981968501837,0.007052240768999608,0.00432523104628128,0.00543937170300322,0.005857916062606673,0.005011379171975205,0.04269799588971948,0.04958129247480498,0.05088962897032997,0.04557054194366267,0.04642064847947955,0.041615563033402275,0.04432394632082528,0.04914438229736429,0.08956147333160819,0.04874978162216133,0.03466992154737125,0.04084532207909662,0.006800574057039119,0.008352078578494954,0.02159008728919318,0.05763124733007891,0.1187751718889473,full
8,0.012282825636464996,0.05746639843628378,0.007618196791434558,0.05299940323777918,0.028312008042566724,0.01035794403644225,0.010207016876674345,0.0057276205542587414,0.0038427736755569817,0.0058615835323545945,0.003082470069560915,0.003427913026372913,0.044598653176779475,0.05443361235924949,0.048156416365830554,0.04482183760149866,0.04415246632567649,0.03969641556090315,0.041507309815085235,0.05174258803237281,0.1023446762218854,0.05598599591300185,0.060296041658999315,0.040483253956643483,0.005832951859851813,0.007329328905906953,0.02065988857641353,0.05101183094173264,0.08576057881241904,full
9,0.011964797863584797,0.0632712533262551,0.009495340476732105,0.05726265286479975,0.026818536913800522,0.013018004398208598,0.009295398382335228,0.005172622884035235,0.004006745992935616,0.00550665088558972,0.0013782264185610161,0.00343498817280613,0.04688526520165501,0.048075129629924294,0.05202233065834025,0.04827986690779683,0.043502611984558744,0.0414608539151781,0.03934154704621571,0.04633483241681694,0.09433500664289873,0.050075748064913106,0.052087562356332384,0.046640875505671725,0.005604954086446857,0.008463288980462372,0.020644467666249333,0.04626791794256033,0.09935252241433537,full
10,0.010328622181127577,0.06270991065594281,0.00809602334468031,0.058226379290464036,0.030242035150521006,0.01595195716745615,0.007720132481800502,0.008056916432015846,0.0047280380299419,0.0038754272658877717,0.003519342382289056,0.0037144371089853447,0.0468603120840623,0.05286495195448814,0.05238920501672805,0.04564393015617814,0.04438544699877214,0.04292994432917759,0.0458942795828021,0.050314961532056585,0.09386071700547996,0.03804186012926256,0.03628166270483986,0.04174119510350963,0.00671040877039332,0.010546897002758928,0.02012053588777856,0.05943249055437173,0.09481197969622826,full
11,0.009568125334968145,0.05426453104310915,0.006794301222029932,0.06873667195617335,0.04005406757575095,0.01593957668310679,0.010898094756951686,0.00534415923248032,0.00581073574095341,0.004412227367198869,0.0031323389813938903,0.002710697549493167,0.048211749541259556,0.04298987683534808,0.046514893851128274,0.04734289801843531,0.04196194725103285,0.04129783352804399,0.04368984395373014,0.05225138174898534,0.0862467379408937,0.04674745233538203,0.04288984622693302,0.0419032669734717,0.006469180254642339,0.007127561758131232,0.026997706959057045,0.05857502957252397,0.09111726580739168,full
12,0.009154790278645599,0.06331783420748417,0.008099698930950406,0.06674765446880476,0.03784519680482225,0.01582186384225999,0.010175336795893422,0.008544314249158589,0.00420595774429132,0.005984889705911628,0.004859883486860216,0.004718716784860844,0.04632804226868072,0.044529617979521374,0.04668340271243995,0.0457864249178411,0.04691554367078857,0.04038122072137217,0.04568311469247127,0.048580960862489864,0.08633242113158537,0.041592127958721324,0.039974134036289743,0.04059282608047622,0.00559575166753809,0.008586688661021066,0.019526407638481517,0.05472019209693384,0.09871498560340437,full
13,0.00932925601577966,0.06029992366926532,0.006638233746887351,0.06822328139883824,0.04390273402071458,0.012403174340269696,0.007935654590259494,0.0075904950181301814,0.0035904822894460933,0.0060104862106981636,0.002502666485824171,0.004668827376560908,0.04484574846754705,0.04582314381550536,0.04619249479000046,0.04620899301974162,0.04344953233272787,0.04271290874562664,0.04382298672855487,0.04667094471241268,0.08225462980322928,0.036757244610299326,0.039185107904366,0.03344037120373861,0.005214190783549629,0.010518246480671567,0.027101258528175423,0.05924144062851026,0.1134655422826695,full
14,0.005991116173942539,0.0666309587243206,0.007096464591675037,0.05612157054699973,0.028286081739861028,0.0172198512684488,0.009765052048863937,0.005739389640907393,0.004954756194291113,0.00391340015637413,0.003406928506948642,0.002655018073892528,0.046755634457711984,0.0408560590861969,0.042643336720261646,0.04640208696942792,0.04931667951445579,0.03714005274922685,0.041826038066186726,0.050867453177632804,0.0888642907608785,0.04757451089731746,0.05891494425405047,0.037710943212527555,0.006700009973526195,0.007771970575947567,0.013296382690493738,0.05135424695774043,0.12022477226989219,full
15,0.010334584152606697,0.06932610192863926,0.007647412698686535,0.07181534745883057,0.04071517168428664,0.015478174740581675,0.008965583558482185,0.0044967232433735065,0.004407135246632752,0.004418999338432737,0.0033513031258522613,0.0035763373936114427,0.04385295002864614,0.04567913113165617,0.04492337415090423,0.042841900313900165,0.0445695357923714,0.03625342760493548,0.04125704656078079,0.047309700978804194,0.08786124203427342,0.03880211239215819,0.038142941976554615,0.04682226296956965,0.005491120714477332,0.007936719829946617,0.027130200010210333,0.05706790579145546,0.0995255531493395,full
16,0.005878349536224527,0.06425320030275287,0.008790806369957264,0.05712768503921639,0.02961386893474539,0.014184317383164183,0.008717418105102572,0.004573850156442198,0.0043242828500074295,0.004066145640872844,0.0016814079137724678,0.00314631439687961,0.04510646994515729,0.051605364512362306,0.04262909559304991,0.04841761757079488,0.04481042562483232,0.03844923133582067,0.0433254864555558,0.05211987735091648,0.11568190655920539,0.05406751827198417,0.0411569006067806,0.03881367118049042,0.005315329324658487,0.009909295273437013,0.022556527029969964,0.04129021798312252,0.09838741875272412,full
17,0.013523272125148785,0.06287730182724592,0.007341230659756921,0.06331597514137428,0.029664869619690407,0.01261217996576447,0.016772625589745214,0.008442829046932951,0.0038383954698489853,0.004664958608131537,0.002676098067422529,0.0033185722198624877,0.04486470810695907,0.04825833246667797,0.04736599603268695,0.04548174386218797,0.049399691751344225,0.04548623468538551,0.04762823763540488,0.06716558359527383,0.08095459939556485,0.0352981466281564,0.04062223378716368,0.04320376991536499,0.004516693242683058,0.00734348562047244,0.018847283611076224,0.047707819472282524,0.09680713185039087,full
18,0.007980236561424756,0.06250123426357664,0.008077326470169139,0.0671503916211556,0.04423946250092344,0.01846516035502119,0.009382087883371954,0.008060268319174738,0.005316923196425526,0.003402653357344043,0.004273189356759056,0.005153508918089108,0.04630408775765135,0.042377330125273976,0.0469506452672077,0.049935312920804824,0.04940414828891448,0.04043640506742933,0.046635634029419545,0.047925602236854804,0.07664289279791164,0.03733823363200792,0.029601740262341785,0.037916271024580055,0.005883276714991734,0.008297283671900012,0.024814699122858552,0.06445064988069622,0.10108334439572078,full
19,0.009375750132879238,0.058706532597292825,0.007349074878987519,0.06300896051832709,0.030601704860393906,0.013485868132260876,0.009032911721363035,0.010120653656584763,0.004067428251497304,0.006020038875131829,0.004778749183548703,0.003718618494134523,0.05128792982354934,0.0497783383207079,0.0486019766317639,0.0472501156906197,0.048978332811154504,0.04123322046667472,0.04730513627330076,0.05181865870564933,0.08961106832696136,0.04346544820721769,0.037566565092161455,0.03891873892784624,0.0060334876820393405,0.009974506207976673,0.021686293828303584,0.05247946213534273,0.09374442956632917,full
20,0.008726184993538453,0.05874323750854574,0.007919431163339444,0.06706324295030043,0.03096381562969967,0.011425637788350875,0.010075535734464104,0.007142358499246494,0.0048162734977837615,0.004409327213212111,0.004891948708141712,0.0036618149858996516,0.04399827050296905,0.03971392278477852,0.05238678921981017,0.04577680413024246,0.04794180529045146,0.04068811698955476,0.04202893977716963,0.04963252804204825,0.08041280296327162,0.04161089340324313,0.04695937828545668,0.035504857522183166,0.005434982574121871,0.010879953588127165,0.021584976445806158,0.0597808556038529,0.1158253142043905,full
21,0.0051543716625062725,0.05722777545952576,0.00818079953229314,0.06558152568522405,0.030440662716935598,0.014673631364178848,0.01137836198489143,0.004585961379144136,0.004981434918034696,0.0034369134152964745,0.0030044014808263647,0.0045378533941709456,0.044264053204224024,0.04673136350317448,0.04879815210656809,0.0495672229063266,0.04361665075662419,0.041890621722591205,0.049383970425336814,0.05619692693135722,0.08939007612264015,0.04208150688741797,0.0362291162589482,0.04546958592677533,0.006460618565847422,0.013028739805261303,0.02493354605194441,0.06016864129270524,0.08860551453922964,full
22,0.0062514182790668815,0.06920181033726522,0.009269730144674592,0.053036280368286066,0.02453158437119388,0.01300139482913873,0.010145678994051076,0.007698430661304114,0.004835198468764354,0.0042155610688975045,0.0037190703224566045,0.0031887567614761066,0.04335003413674925,0.043226188404113075,0.05645455917447237,0.0502216130723551,0.043330050084274895,0.037786444753481,0.04006642039962732,0.04761687393748008,0.1126264172001567,0.06249575555157647,0.03429511686713449,0.043967603093006576,0.0045251672428992685,0.006265905793659681,0.01851642007408089,0.04299262964891779,0.1031678859594399,full
23,0.007053521277727286,0.06493013224619182,0.009317194659161233,0.0649376187517936,0.03206601657252109,0.016034271561709137,0.008921197892973916,0.00589191559040495,0.004896861983774442,0.005508284906035326,0.0034097653168598144,0.004039445774608364,0.04715115673203936,0.04888026821127632,0.05076867876273421,0.04554250009399426,0.04486317326574417,0.04223056255274842,0.04533113816954047,0.05250532806570378,0.09400120674418047,0.04619699444720075,0.04082189860861298,0.03806125389454434,0.006210888462022151,0.008690891577430642,0.016678157125295797,0.05330877369342391,0.09175090305974695,full
24,0.010951066924447247,0.0667473509124827,0.007606005924750592,0.05226182860893579,0.023060870176729305,0.012535312879060628,0.011142975703782795,0.010634930500246966,0.005305508306607478,0.004979017304991556,0.004953902905450841,0.0030931368157635225,0.05017417609968594,0.055978259008035026,0.05576711195971685,0.04806195959816437,0.04730933010058494,0.039445710466212515,0.04439546362355496,0.05665025538322795,0.09344914615125065,0.04399268988721439,0.03433215369382685,0.042466912431425106,0.006404127325227717,0.010096191395224495,0.015890226303999156,0.05575984455031438,0.08655453505908539,full
25,0.008921787619996978,0.05575534847666061,0.008115601857762675,0.06526343373663687,0.037195683216663805,0.01660325190422616,0.009143655648229897,0.006703458167042751,0.0037365023241866637,0.0063606328824800315,0.003018683869461235,0.0037090691394823187,0.04326540982395279,0.04663500089978725,0.057545553667261495,0.041980639939260815,0.03785201368863821,0.03765545992745198,0.04574920874837297,0.04946969891748921,0.08638753069823722,0.045392521256109,0.04088642310983009,0.041619436476989305,0.00591839445618997,0.008152101221610614,0.02081026511838659,0.06765059847506,0.09850263473254266,full
26,0.009432256492870796,0.07149241080677034,0.008093938461674052,0.05892338426408699,0.027740115666088288,0.01865380041620834,0.012447992416610308,0.008668381594575416,0.0044626806406246585,0.003792484344883919,0.004228931004384202,0.00306235825621478,0.04493019958733632,0.0495412505079973,0.04788066342928357,0.051178839731395684,0.04932690114671317,0.03878179649207147,0.04695173911402081,0.058268472965101514,0.09367211014275581,0.04467486065585651,0.04330088572683701,0.04292335445058782,0.006716432950600294,0.008392397297430078,0.013652393085870303,0.04938825661402934,0.07942071173712076,full
27,0.007920893004532702,0.059455415809674964,0.007012702288517472,0.057003639218681366,0.03495953036322007,0.011372366018854238,0.011354430153044916,0.006266161862558754,0.0031648625377623846,0.0036890710429225166,0.002897775773359286,0.002901722689741058,0.043015683246613264,0.04133708932265337,0.0430795297905479,0.0497625824637559,0.040627422232902485,0.03853284968244205,0.04445957658500376,0.052902430516458925,0.09232073177641997,0.044690295461061715,0.03975628140923594,0.03808129385169159,0.005772778195409833,0.010467069242596707,0.02098250224107301,0.05169348011649213,0.13451983310277182,full
28,0.012182366571906461,0.05512693259567637,0.009114217692136375,0.06284193924468502,0.0291983510909887,0.013957740475811971,0.01062157496649127,0.007075907624100931,0.004967908072875028,0.004382931103135203,0.002784248902196044,0.0028146823906955187,0.04746884916025812,0.04678880312342558,0.04855150626677139,0.04374094293414092,0.04145717249071575,0.041834125856723275,0.04551867483577467,0.05200975461930111,0.08374611414423105,0.039403577305145196,0.048008851352577445,0.04508682567427364,0.0059455236545392556,0.011695055311590255,0.017493011820143595,0.06752881885039114,0.09865359186929866,full
29,0.011116173332655636,0.06554929553635992,0.007209619957335358,0.06619368433542992,0.03585580833089646,0.019760431669896543,0.010790883431458918,0.004936087475390783,0.005057534779264754,0.005437677533239529,0.0008268210128394021,0.002756747916560069,0.04682626390094084,0.05049406159694401,0.05026423318490639,0.04610258279569346,0.050536883033299576,0.040167448772572785,0.043398834364403685,0.048378659455375055,0.07968663223887139,0.035898445995216785,0.0375971741274427,0.04169955231483482,0.006129359723745533,0.010380098568401726,0.019099798141895972,0.05277103254678909,0.10507817392733892,full
30,0.007524566406023338,0.05906636821336223,0.007073064563660108,0.05709877215254175,0.03311012998666621,0.013792913141643175,0.006345714776389441,0.0068456989894603365,0.004610584588063362,0.003143366107038161,0.0021901878315640673,0.0031874374929305115,0.04536792265383907,0.0475567826015921,0.04212306786910646,0.04328626025677075,0.03722214184357481,0.03285658657157387,0.04306276565733777,0.04963750125547748,0.10748974881034387,0.0558920983189837,0.05268812651789447,0.03827547226157429,0.004959432356867181,0.007836793796520344,0.01829932625939185,0.04829213523518899,0.12116503348462043,full
31,0.007115344472042681,0.07132387460839724,0.0077234883776544265,0.0606693453607755,0.02638423253624081,0.015982535076855608,0.007181434264659989,0.006988827160839589,0.004525534843889146,0.005024432631126891,0.001997837384233006,0.0029571223357599853,0.0381206575960175,0.047926829380065344,0.04835173419413421,0.03807335732492165,0.04090447129845852,0.03952217123118365,0.04371438564241766,0.04903600364623905,0.10312683567513685,0.052277829051121175,0.042326802395308005,0.041429621722299886,0.006521854859635417,0.008992037562838465,0.022739875663858662,0.05817544010277395,0.10088608360111506,full
32,0.006304798260343885,0.04819253391269302,0.006707734447932106,0.07352430730388478,0.04313530226132674,0.015076044767294208,0.007996232795392355,0.00522967183607761,0.004485039607064242,0.006748724122628117,0.005720582630220779,0.0033988836597144564,0.044048040542273396,0.03964668388141309,0.04644651162377612,0.04599988452607946,0.036576670105519994,0.03719853295118308,0.04021634348712172,0.04895127622048239,0.09239315867229095,0.05122652558826642,0.04875498672525973,0.049828620414473605,0.007252301928210196,0.009521221174342627,0.015753524361795845,0.061091219894741706,0.09857464229819723,full
33,0.0075986275662474345,0.055223105336506595,0.008888126209113159,0.06599423165531605,0.03445485810358328,0.015386283889561264,0.009488772576133018,0.007351588714487529,0.005179127251352708,0.004157363202577291,0.004087312100513093,0.003265430200910423,0.046185726494990795,0.04558274165361515,0.047502157067078256,0.04504119433075874,0.042568929658574825,0.04002538012237131,0.04264344110717779,0.05326119387301896,0.10482664695511351,0.04608926787581469,0.03544656784819388,0.03869818839916964,0.005631782697358212,0.00990243409002617,0.018091768427396793,0.05143048341007997,0.10599726918295949,full
34,0.007804823099862097,0.057170400617880875,0.007646661802748838,0.06642852628745938,0.038944473580478985,0.01386408729784896,0.011037380758396154,0.007460451848168329,0.0049446279064240956,0.005328276278556126,0.006494443100423598,0.0038803617186330087,0.04391716012085881,0.04649287799283971,0.04683453526756154,0.04793107744054706,0.04489735958293253,0.03886235917222024,0.04148828244115541,0.046314490011068105,0.0904634125604287,0.042879503599494495,0.05015167207610973,0.03781039954856004,0.005553866273657775,0.00889146662581082,0.016745364031637386,0.06146110207433387,0.09830055688390348,full
35,0.006511144002578913,0.0688623334238155,0.007574679310144737,0.055345830948544866,0.028740959370423685,0.01357380067090963,0.010994220323244543,0.005345840392397365,0.004250511955847498,0.005623589675739164,0.0016912339252919976,0.0035732318096725175,0.047796132261754186,0.047881666608380134,0.047481677680745134,0.04975644585660449,0.05077933601687909,0.04169723309615357,0.04715745260955147,0.05392875634689202,0.08854143185080017,0.04468882871315422,0.042721416511638174,0.04111626097575094,0.0061621447161093815,0.009897488047925583,0.01640990285962788,0.05079705838244209,0.10109939165698115,full
36,0.010599821518485604,0.07540002175994433,0.007172953580164576,0.05818718796838957,0.02550993114824428,0.01639521769827216,0.011114755906515311,0.007374277506413797,0.004796933763636869,0.0020708432476030676,0.004475747015844678,0.00410121372444186,0.049100237986002146,0.047650923048317285,0.046836401828420866,0.04370304166204918,0.04209171612257243,0.037246475645609047,0.04361974279470961,0.05394899447168854,0.09320502358430059,0.04556760544836899,0.04243483933782675,0.0391397003553466,0.006421829023401252,0.007417258659122613,0.012714554728968012,0.05045014881095072,0.11125260165438938,full
37,0.009029431676761436,0.06055464432895181,0.00802329389000396,0.056640947879185014,0.028605703022616807,0.013155947276177764,0.008062788476809461,0.009611237028282505,0.004473855872383966,0.004751430057728237,0.0033954506651393706,0.0034831792956522886,0.04455245833988687,0.048247657625619875,0.053761801904505566,0.04605820517002046,0.04329928080807771,0.038095973834013905,0.041824598875855774,0.04936904180831913,0.10979828782091366,0.0572297479851154,0.057525481360263,0.03865253098184917,0.005496407296657931,0.008204178912046911,0.017373987888856118,0.04559353632618355,0.08512891359212243,full
38,0.009028296001283138,0.05593085473746155,0.008894743272479102,0.05542934302096975,0.024217831967285268,0.010328213798387243,0.00934517246657917,0.006600046662208296,0.0035817590808694447,0.004043786644297255,0.00404058994007686,0.0038887233754980543,0.047106223215217784,0.04762118200326714,0.04535245391309899,0.047263992338712035,0.04612950202952395,0.03640503614325951,0.04847897944736989,0.05762804749474289,0.10876292182104767,0.055392760732532326,0.04761196747175906,0.041273281132943845,0.005385006092187708,0.007536051388257686,0.01638851398775626,0.04156700081671845,0.10476771900420974,full
39,0.007890769596869835,0.06213356091006865,0.00849378570711637,0.0608051048854506,0.03146805934935328,0.013348638791602009,0.010189799099536476,0.008639910470806002,0.0034616682411535322,0.004979033550440417,0.005240897103224302,0.0037738220628407548,0.04667544131652295,0.05120893564482005,0.05273096391975083,0.05093165290891516,0.04373213308680203,0.0383821542208027,0.04923576714428626,0.054337262917350304,0.08703062243269993,0.04362615931939718,0.035296065772442514,0.038623328667225225,0.006373330746575211,0.00889772229524314,0.017743214156536957,0.03828989296020275,0.11646030272196445,full
40,0.008110234761027985,0.05135764883596546,0.008431392753770944,0.06353805005878709,0.03176949433519588,0.01385645871580211,0.008673843286911138,0.005557845246889649,0.004338541138766567,0.0047967108640223615,0.0036577499377317634,0.004641994902890467,0.04971775046559513,0.05199239479945407,0.04693693293521511,0.04632731920941683,0.04853559052169687,0.04066116879435972,0.04329816608814239,0.04469488741467165,0.0909230547455363,0.04212325200022324,0.0494554212362511,0.045721870860359656,0.00545758832203586,0.00887147595808779,0.014901082747009221,0.05777099564371437,0.10388108342046921,full
41,0.011413998990195925,0.06480342035363838,0.008437651562510412,0.055566028208160465,0.02684318321772112,0.010698945206342517,0.009227386879648337,0.005824780625877545,0.0033200649159126497,0.004388476272701676,0.0037230400215503374,0.003007766117798619,0.04830928874711363,0.0525128400469347,0.04856553382162811,0.042148596002290595,0.040778791959522026,0.03814848580006861,0.04330133858461302,0.053022730879580794,0.10949127049166207,0.046366788030869605,0.05263643336230516,0.0400840637204412,0.005154150441197915,0.008204991060483119,0.02089088232863909,0.0514786941249457,0.09165037822564667,full
42,0.008558079371384118,0.06231820174772278,0.007535688361345533,0.05953590271314183,0.025793223326038225,0.01886989812860092,0.0105925847301302,0.006391380081563003,0.0058547574673982585,0.0046786258933134645,0.004157610120754196,0.003414543300467264,0.04902459637597262,0.05561680449627946,0.05397416901536997,0.05359511382131917,0.04646807170324784,0.04124825166313571,0.044563848249706946,0.05827055039125435,0.08550684343395723,0.0360471601510926,0.03886218366532051,0.041847066415003464,0.00656858561053487,0.012251658684976588,0.01960014711500338,0.04867877050853183,0.09017568345743368,full
43,0.012124113040610516,0.059376954138486426,0.007163455922879826,0.0606756960534759,0.030638175291368214,0.012449198544458981,0.008745191808019512,0.007991868212543862,0.004479466601403743,0.006093262187141812,0.00526450914925975,0.004141698716228976,0.045898391040952835,0.053755454967547016,0.04443684224480591,0.04349178306601098,0.04334831821319823,0.04118958302412647,0.050945637993915,0.05933059944548513,0.09564438542007019,0.044148319784632455,0.05582715422276551,0.04069098465844225,0.006238404697140682,0.010738294161860612,0.01668679896279945,0.05124580339227724,0.07723965503809255,full
44,0.0078070958810785105,0.05399537298972448,0.006409170951005235,0.058897314661280516,0.03493323900117039,0.014710014996911297,0.00982828987082935,0.008698429983246122,0.004223640114750586,0.004654236322816201,0.0021091327481347674,0.0038829130413683783,0.04076658845284249,0.04231316392399099,0.04157068988208088,0.04249247110452846,0.04060056975154598,0.04159050202884829,0.04523947672470262,0.04944061596886585,0.09501220641338205,0.05039584835986764,0.036177582511548005,0.035448500596687825,0.005567691800852969,0.008954693014353428,0.015312828437485805,0.050065546419710005,0.14890217404639097,full
45,0.009119944673159951,0.06356798518983528,0.007288185674802882,0.06090302911114943,0.02990319003281194,0.01564591986238433,0.01035414946092905,0.008193553528901732,0.004757506338946752,0.004929308283885812,0.004784093585241941,0.002716554046668803,0.04606339138289155,0.04623586603367669,0.04694315054553888,0.045352274954000626,0.044495437297507316,0.03940398505938821,0.04275001217465201,0.05220957522184122,0.09935153869793402,0.04003826956715034,0.04306040394743201,0.04259324866847271,0.005414084172507297,0.008952847652418494,0.02053454017814202,0.05401429984428496,0.10042365481344374,full
46,0.009646338608221072,0.05482170145586941,0.007586345233648955,0.060811008684889103,0.027279342671649984,0.013325324942088615,0.009929148769151401,0.007521975592459201,0.004487092005560549,0.003980974475401097,0.004555894018785988,0.0037233865747745357,0.04703148626944946,0.05290403735265981,0.05741340352987857,0.046922184356403565,0.04174509790932183,0.03931484877172472,0.04824174170353922,0.05145512395427766,0.09208272613645388,0.040422022494428334,0.046409462661909935,0.04090064908740132,0.006212350367467484,0.010098954997082738,0.018393165509864823,0.03996651793623679,0.11281769392939993,full
47,0.01179932036896577,0.06113812701797216,0.007827328414777427,0.06190949959360878,0.03131067085767311,0.01044769636352243,0.010439813848549825,0.006651556741366466,0.004289513185526248,0.005676818801434039,0.004160563569194244,0.0034020275458921364,0.0425960938178298,0.05004779567794473,0.04966213051385446,0.04259219097699257,0.03925885740172449,0.04037460020353404,0.042921385889457604,0.05085457427134176,0.09130333534640821,0.04426899887782471,0.04623224265318225,0.047469081870247884,0.004974328822574904,0.007386455020982431,0.017833205939038647,0.05606548520770571,0.10710630120087322,full
48,0.01263812757562106,0.06918054433020761,0.007072048795104405,0.0607712380980853,0.03633411933628048,0.013390277876789869,0.008966481224976,0.005686475702246745,0.005307380570972737,0.004213376000835108,0.003543741684835966,0.0024686120401659043,0.04533804227507788,0.0528664113922201,0.052749231492941986,0.04438288349061206,0.043643043574556485,0.0400206867841735,0.04551840762068604,0.05367227283685213,0.09390636653960946,0.03804008612392708,0.04188841512436057,0.03895606253317705,0.0067354793059405255,0.007743045721782984,0.016683818296795362,0.058228255641073784,0.09005506801009182,full
49,0.008825405236473384,0.06312805985752018,0.008640415076841965,0.061183992298066966,0.02307348571738663,0.013566012052107085,0.012070496162648464,0.004208272201957176,0.004040774595938615,0.004697235812379696,0.0015165723328902279,0.0036061909725566598,0.045940827557346145,0.0529012796920328,0.05663256116268196,0.05033198500644484,0.05014885311115368,0.041778056424749105,0.044657753987603785,0.05288869072548002,0.08603610014118253,0.03912526832623094,0.05042064840195804,0.04193721463900798,0.005985480995907691,0.009592721910945037,0.022834347548556764,0.04468387044411007,0.09554742760784159,full
0,0.011782797903527308,0.061064719589185246,0.011889885060439103,0.07766576540110681,0.033383051225860064,0.010591915950000317,0.012331665849643814,0.006628318262698752,0.006254293438826509,0.00568967830977789,0.002391475711627402,0.005152756589470845,0.05489498257838069,0.05056855714059074,0.055478655277123784,0.06194530633726611,0.055057325969430734,0.0528018604136843,0.05574329409475462,0.060232357143230136,0.08297732851431053,0.030744304228060418,0.02560842352990242,0.05062516545695066,0.011665316860897109,0.015479305234620514,0.01276182670536151,0.029846586144635937,0.048743081078635744,all
1,0.010067287544992977,0.06597829173343385,0.011858297862079707,0.07845360211024947,0.0360137306274827,0.01077831079824859,0.01178884300562251,0.006121636421127991,0.006416989181162339,0.007296881394707889,0.003094536392816139,0.006041003453239405,0.05249001568885763,0.054737947760452266,0.05615735500288888,0.056903823700029166,0.06037468914205585,0.04585781460698593,0.054073547172089585,0.06250189477747675,0.08163009307943704,0.0291482381653134,0.03351909810801787,0.057478608526721035,0.013118527445742295,0.01297350991767449,0.014085062815318907,0.023038128210349073,0.03800223535542609,all
2,0.009155065121401702,0.06600636929859766,0.010973460742338327,0.08474732364410108,0.03875844293742936,0.012161334051445202,0.013162432929670786,0.006628479488209614,0.007234351378038918,0.007706478439377927,0.002365370227502677,0.006124966802020352,0.0538238378926651,0.05225557511106202,0.05918109407310702,0.05386797609620614,0.055848002807535845,0.048502136918656395,0.051211285887916486,0.054418856109998234,0.08057339374065398,0.028944655308242126,0.025678097973111574,0.04986679557849488,0.013052963328556823,0.014242424912586347,0.01611002425747569,0.026091638184233167,0.051307166759364635,all
3,0.011537430442280472,0.06378919394026114,0.012162410324973612,0.07265691128394638,0.031929592916028156,0.013876370986571818,0.012713428906109974,0.007495462088867589,0.007744917587886989,0.007318929330053789,0.0026509763345040397,0.0039440610790630595,0.056132387750012426,0.05150884033154544,0.05747066797071924,0.05712558848823339,0.055039576775534435,0.05203927359678582,0.05639764302388056,0.06418031914624182,0.0836716388805332,0.03140586034726454,0.021593986788525043,0.052132715903783156,0.011665877893019047,0.012665862773470737,0.013211311732025638,0.028703077168272785,0.04723568620960578,all
4,0.012708781670957972,0.06404162236511488,0.012022405068763382,0.07089305900073145,0.03555560663597626,0.011667539761277806,0.012562906816835822,0.006268956265624142,0.007847706241263828,0.007375042290465357,0.0028429283268458783,0.00477455247244438,0.059275196860061,0.05166623836610985,0.05804589029575152,0.05730817448437042,0.06151512729646118,0.053341817393782597,0.05455839528441659,0.05668293144611476,0.08657365898488556,0.030642126549693165,0.024684778325118416,0.050024024904471116,0.010666797431984596,0.011834554093543849,0.011683409603813847,0.025560088112382147,0.04737568365073809,all
5,0.00999175567591479,0.06680198606910483,0.010482118956831253,0.08324977914335985,0.04278020192938546,0.012220043579159554,0.010917895364360377,0.006385106032337948,0.0060964842190642686,0.007311536977869602,0.0010702279706048552,0.0040430386562978265,0.05358843515641249,0.04964257556654029,0.06081077061968652,0.05123901350529771,0.05482242127666501,0.04990306100942827,0.05167550323569424,0.05761339670490582,0.07688702767331851,0.029053206161531783,0.025831540757546775,0.054634600332852445,0.011324839375739885,0.014196897682742491,0.013640077124359403,0.03665765118338813,0.04712880805959963,all
6,0.00909635188887883,0.06920131852557201,0.012175041187712737,0.08050685023653827,0.03981377663561089,0.012168607605323538,0.011286841823772641,0.007916712230318675,0.006987344173019032,0.006951642760397455,0.0026403805117818408,0.0062409700688720975,0.05411225644477605,0.05199577501426702,0.054893024499639786,0.05397786996021664,0.055018493680940535,0.04917971536197655,0.051867789520116114,0.05891854019468052,0.07740383813055841,0.02942316360675569,0.025039087662266188,0.05388685061054133,0.011541277206337556,0.014901402807665245,0.013649834979815829,0.028325064614061177,0.050880178057587225,all
7,0.009328024043704503,0.06878241570091233,0.011987581579325514,0.0722705413602315,0.03528529456147077,0.01090164886767033,0.011863751086216167,0.006535546096667379,0.00674065062121195,0.007342755415080312,0.0022390098079575595,0.0059370154496952935,0.05214214522974005,0.050327427120137824,0.05385571067159282,0.05601790029430228,0.05920289101797689,0.04964433945958817,0.055342322344634196,0.05765021022350927,0.0837702074395215,0.03408025835224138,0.025764836477986684,0.05512380205299297,0.011710142768122038,0.013121259291418722,0.015959465828243945,0.02825425755850786,0.04881858927933997,all
8,0.01150807066320749,0.06242311164531453,0.010290027432540963,0.08369481263056623,0.0448437453702766,0.01135675557519155,0.012330503297443517,0.0060869129475248284,0.006273959673373353,0.007726246718961608,0.0026850775845893024,0.005823109689212543,0.05333377511128243,0.05196231619383848,0.053922714953104744,0.055802549515517476,0.05559574212938825,0.05162233265194416,0.05123177783699366,0.05624364470424482,0.08220236333523481,0.03248800927599328,0.03388408533923724,0.05151513332291409,0.011686962733985723,0.013360957262589113,0.013494962387164598,0.026955663573000412,0.039654676445364176,all
9,0.009993945367126632,0.06515804794201062,0.013123489817437562,0.07614410339132355,0.038893485811790654,0.011082462299076619,0.011309840494589258,0.00676717716311548,0.006930629722700372,0.006426226569585938,0.001685021848366975,0.0046271496000274345,0.053561555061684606,0.050794541067165425,0.05704585706493352,0.05501806157232168,0.05516550295641654,0.0495623583346541,0.05199567760033968,0.05779190283817968,0.08045594451963833,0.0325993930747343,0.029007623392360852,0.0604445783666299,0.011899244074800332,0.013106720496531334,0.014165341054762698,0.024753845883137646,0.050490272614558324,all
10,0.010033182006847751,0.06508214191565004,0.012091635715072135,0.07918515977395729,0.03449668544472057,0.011360122668701789,0.01115311305739321,0.006792982442399135,0.0070507598173721875,0.006391695085631025,0.002512104936605429,0.003056380203324586,0.054084956217738046,0.05511146238190169,0.06031149420276703,0.056230652056251,0.05290036388419456,0.052572225865686224,0.05766331595907212,0.058768769017296225,0.07970028240223709,0.029695529655742882,0.027247262582766024,0.05865150406286929,0.011307650175052496,0.014141318167499705,0.012782659751826098,0.02467896290484254,0.04494562764458187,all
11,0.014168215835223805,0.05540045381959539,0.010624468770518524,0.07789121016345162,0.041127844285212434,0.012242338997825689,0.010903407658680022,0.00805544609268589,0.008116627297523903,0.006306554570481932,0.002635356849681931,0.004543454890505248,0.053062893161236566,0.053021060562778353,0.056132990861076364,0.05705491525764784,0.061514404556049805,0.047571060521832395,0.05379969051764796,0.060115555887583966,0.08306228741105451,0.03290775098540366,0.022288514086702745,0.04993394257108797,0.014271496222683984,0.01230257805339093,0.013625234524933543,0.02784580761779025,0.04947443796971281,all
12,0.009365878872306829,0.06494399077730682,0.010211050939136443,0.07557720022741837,0.03622672839211066,0.013703178987781447,0.011623368032348556,0.006267981411156064,0.007410876898248153,0.0072127139298588305,0.0033717407428583207,0.004414871414182477,0.055835588515237275,0.053081506164475975,0.05818971002851118,0.056954730841481546,0.05681938285700475,0.04850321055110743,0.052175173326208524,0.05710027245895658,0.08058844887386583,0.03484469984241428,0.026174716787018316,0.05288027334371138,0.010510249235104678,0.01249257251210807,0.015770945704095717,0.02529316555400725,0.05245577277997812,all
13,0.010103825107265051,0.06511013386795982,0.011838190945660928,0.07081330249125278,0.04168306840639001,0.011195748734867124,0.010674571134543894,0.005434141120544738,0.008273775316060614,0.0077138158568991,0.0035075458491709197,0.006434248977114286,0.057130274958395566,0.050490957722576744,0.05514049009536625,0.058222616073024355,0.053428129460442106,0.0533575585354521,0.05253407324088554,0.05714857438579641,0.08400732016550222,0.02965003302232146,0.022090527561256217,0.04988051997682957,0.012819170734675353,0.016363605546620114,0.01454482291768272,0.029733830145356566,0.05067512765008752,all
14,0.009765918930293452,0.0667238798410704,0.011252123193698029,0.07338544610928893,0.03429135569050091,0.012278946381308015,0.012273734767798444,0.007689727491192555,0.0058181603052722955,0.005668491125996623,0.00298333458105022,0.005014956051334889,0.05733595971997323,0.05422522813596069,0.05510945125947505,0.055466781810467804,0.0623652174238633,0.05028856439797581,0.055286662772933544,0.06060081908571344,0.08307501134574749,0.030956817019701984,0.023999782712488725,0.05520215542130789,0.013194984009611804,0.015713383541284168,0.01227619432748877,0.02756463126997783,0.04019228127722383,all
15,0.008072709873150547,0.06832308809738206,0.010172347186760747,0.08612241577215095,0.04215645659142602,0.011609370881310192,0.009994961937070553,0.007310489832062542,0.006598854289044172,0.007624751295988755,0.0015378972955480648,0.005354386531949309,0.05755555913980923,0.05063474574704102,0.05523409358421584,0.05337533444237118,0.052238316319099934,0.04899249746924967,0.056508886715790664,0.05678277963433803,0.07735650361048554,0.02804574045309792,0.023355523490330186,0.0565096644109331,0.012177531797057899,0.014660128822143867,0.013519428733975434,0.028972854299016762,0.04920268174719965,all
16,0.011184991941584475,0.05980745491861128,0.011835784706668148,0.08286628914912537,0.045778294705524684,0.012363872957897384,0.011230248476287128,0.006806650047425403,0.006154107161877374,0.006868476797883041,0.003464889678345653,0.0046825116540275625,0.05107570552914865,0.051642540619943375,0.05578394109701358,0.05271126815409632,0.0519199350154862,0.04801365693421419,0.05143924224530549,0.05942081135941137,0.07846243207306826,0.028142513943765598,0.02619571574388522,0.05897071954396127,0.012847281474912505,0.015318056454227982,0.012336817260713064,0.023749918903275477,0.05892587145231393,all
17,0.010722318366670562,0.06305738113347349,0.01154162050191915,0.08489589197667644,0.04057819304180153,0.009721673849098804,0.012854799219579308,0.006374475420561346,0.006953682963223542,0.0076067142651727,0.001819223573179485,0.004307067184790836,0.051021074064993815,0.04858040989663242,0.05141034159541051,0.055013903188028596,0.0536615541390062,0.047633667252947993,0.05374538081386646,0.0647731728324218,0.08423513309541096,0.03063259706301562,0.032760999460916325,0.05278654509057072,0.010936280334911128,0.01374658169521798,0.013441225314086739,0.026741267441704436,0.04844682522471108,all
18,0.009547031452060439,0.05905880700394101,0.010977599299192902,0.0803414504034532,0.04488370849740226,0.014090661397443208,0.011990433579791975,0.006908979923236992,0.007302885636484595,0.008211664091241187,0.0029501995146456756,0.005025340505130037,0.05521922065183162,0.05085987149684162,0.054622128133814035,0.056582342500933906,0.059954186973084016,0.050985854418614654,0.05064823341471439,0.05471317253089726,0.08223393131648574,0.028355907176494746,0.02283461132624247,0.05134541627413286,0.012920389452645854,0.013669607526125458,0.015622063812645614,0.03216883465029573,0.04597546704017658,all
19,0.008073940305566504,0.06015487806987528,0.010708730986007296,0.0819034940547838,0.04260396113265045,0.011431569406228427,0.012258350712501405,0.007028055663952771,0.007308432738561549,0.008363596705507868,0.0021713018006842486,0.0032330720758894536,0.05654033100070035,0.047817634617716986,0.05705905781196603,0.053499166137288424,0.05715467289687282,0.048019893789672946,0.056333244072441675,0.05835145671161356,0.08659248263350128,0.0325857314536531,0.021048814540554853,0.05247822964418093,0.012254653388975537,0.012272364460466976,0.015879883112623405,0.027819199294271662,0.049053800781290284,all
20,0.010931117476984166,0.06963499925245499,0.010457751678027781,0.07878626062737801,0.03628131778541787,0.01188485017178755,0.011842969173167737,0.007266998438019183,0.007402314093064201,0.0059632161933952845,0.0029943375224810225,0.005793649964786573,0.05317374230616022,0.051857566038507594,0.054472382455356544,0.060870373749364756,0.053309806311783656,0.051516181406728714,0.05592153011764992,0.06471405597722918,0.0783139643950826,0.028873815609535905,0.021043194779627506,0.05291457858729489,0.013846616999172183,0.013632949409150162,0.010972571840136862,0.028815812456956916,0.04651107518329799,all
21,0.010135284531893359,0.06871744845608523,0.012128039253087173,0.07735542955328648,0.035733892249761846,0.010033875224588769,0.012562348821805866,0.006657453627169932,0.008244868001715859,0.008160977443714487,0.001988551345198889,0.004174493136238288,0.05752990001118536,0.04967981970888823,0.05544867267869633,0.05581394704620224,0.058413943970216896,0.05025645980334229,0.05585087840389021,0.06077631779231507,0.08167876621446771,0.03157434844846719,0.027471047763924693,0.0495333155310741,0.01237033591272525,0.01265345400280439,0.014027232288859076,0.025854838909315222,0.04517405986907953,all
22,0.008308573860021283,0.06636505934623024,0.01129235792784139,0.07839923378789616,0.04027656303813253,0.01216313744969851,0.012669726370871031,0.007320735848363929,0.006301772980127883,0.009451598300906446,0.0018745672666618503,0.004230471197002742,0.05657474301143786,0.0482465348673873,0.054293498839825226,0.05552548469681879,0.05549452211687897,0.048842662113291746,0.05303746482772719,0.05464146141611976,0.07951991278410925,0.032964526091480324,0.021982659717152703,0.06174229251971075,0.011129174925341894,0.011887023318229986,0.013503085660377544,0.03352024600410978,0.04844090971624701,all
23,0.011053807089524522,0.06662804147857773,0.01106629468369626,0.0822501983690694,0.037773138530951864,0.010020443807382037,0.012516806375660897,0.0058306185823147096,0.007910339337143465,0.007182724930382409,0.0028809058884504356,0.005458889288380895,0.053938468937717685,0.053500540504351324,0.05718364440377408,0.05330746055961551,0.05487256679040541,0.05074300087265252,0.051415312190997695,0.06014978058694259,0.07977962476300968,0.02947066817759522,0.029228761610191636,0.05008044358690627,0.0118955280276014,0.012918282990475077,0.011164989863427016,0.02770685565201623,0.052071862120786,all
24,0.011619415503344237,0.062109526180054345,0.010997464574779892,0.07526693174983959,0.03702149735628942,0.012009075030127022,0.011800429155497087,0.0075227108057132714,0.006928182855188531,0.006633354143408223,0.0030915744163569404,0.005345131088479184,0.05626022454116549,0.05392571844286524,0.06050366053426226,0.053843712925289236,0.056330440372615975,0.05035424779470909,0.05749038252770381,0.06364810758667738,0.07856134288214978,0.029288616178217656,0.02560446650558962,0.04887469394173299,0.012743605544998834,0.014209753016816389,0.014466167938774139,0.026412815390081314,0.04713675101727295,all
25,0.011013882510274828,0.05878450587010715,0.010894996550097931,0.08332379725222797,0.04274421553898653,0.010450035782228414,0.01220015596288069,0.008196152768473831,0.00649544262303646,0.005047175642077127,0.002370713359700444,0.005694669641805953,0.05531184892335675,0.050501239527044606,0.057458152684501426,0.05070763195103996,0.05209833804780123,0.051286923273355656,0.05372299484988581,0.05975498533788825,0.08030340434525417,0.03251921566920612,0.026723091156743022,0.0524893855119106,0.01294892247585852,0.014321260910656974,0.012574325831234802,0.03313893471845602,0.046923601283908614,all
26,0.010050219274011655,0.07057201570001764,0.01050001528259001,0.08205024471530202,0.03935005299770745,0.013775844970702401,0.01201814028698491,0.00648537367933853,0.007352817794058294,0.007449880526186754,0.0021652403836338974,0.0034808158832406702,0.05763986347479393,0.04809762395181358,0.05778284486251443,0.05458084382610355,0.05902857039264073,0.04919705095394723,0.05494174878895388,0.05701637468030797,0.08172912998679698,0.032517901388466115,0.02262239500472041,0.050753053763013145,0.01050226823872341,0.014057611203400613,0.012028383714159638,0.027039408951462476,0.045214265324407546,all
27,0.009218413968486286,0.06352890149244064,0.009795294596358759,0.08089267688137076,0.039405857421636444,0.011357366055441987,0.011507911217357437,0.0059891433336616996,0.007545821584317272,0.0069904233732938055,0.0024489618971630786,0.004688364382815812,0.053434368871401496,0.050302341440111066,0.05582458626247702,0.057280332840596325,0.05791066013557618,0.05360919834016709,0.05688395770916913,0.0568935968809097,0.07471034928708781,0.030211495274521737,0.02626828769579674,0.05373711769653084,0.011200938345025424,0.014516038816987539,0.013156046028975656,0.030420075588465798,0.050271472581856366,all
28,0.01246412239736245,0.0631986169845254,0.010358503277685125,0.0811210793570797,0.040621111388808986,0.012528009577149972,0.010744934637640296,0.007872328406578817,0.007522393155064188,0.007027085884528875,0.0027684447723914088,0.006241779271725938,0.05628093178928389,0.052027287822671235,0.05630923980851096,0.053240157257765965,0.05468025621159671,0.05209896139620604,0.0572891097319546,0.061742812850986824,0.08034894247014712,0.030168423684845968,0.02303935918438175,0.05310456970700394,0.012364816173455993,0.012497649898056913,0.013562252654263932,0.027297028337137565,0.041479791911189584,all
29,0.010825439809786046,0.06485566800011085,0.012143469950486055,0.08035564617678638,0.03838788154003828,0.01125541755424371,0.010916603502225465,0.006224015663499052,0.007493904838127125,0.009008829469366045,0.0015519235091510037,0.0030157280580498575,0.05434311282701771,0.05334556671977272,0.054466517170877256,0.059279396476224544,0.06055056974367137,0.048261169716020055,0.05532027887176157,0.05872637699387548,0.08275597059999351,0.035751395360231884,0.023317535383866467,0.054582384467686894,0.00979026915127537,0.012763603153917074,0.01529406629537665,0.02762461764498525,0.03779264135157639,all
30,0.009008671227167251,0.07521742396352758,0.01089287589919285,0.0766616914025944,0.0399442087578993,0.013184511380612548,0.013856565177590421,0.006428918987591175,0.011104933597741527,0.007757478391737561,0.002566954042704412,0.005693261286608038,0.05552610359551661,0.05079850861666624,0.05324786206798739,0.05441525428848883,0.0568406824658632,0.049982882792324775,0.05199879035536996,0.05642449812213163,0.0791030035659985,0.028089682850798485,0.024433665911520547,0.050573919721492305,0.012259881796901535,0.01687946632250676,0.013732016956271402,0.028913663735920945,0.044462622719273995,all
31,0.010149392397116904,0.05958413883680072,0.010702558345661594,0.07828040440358718,0.03486952086965328,0.011613940986047577,0.011353124340992225,0.006355965955459871,0.0066075825851140526,0.0062252303176912206,0.00282049339076791,0.006484529852625486,0.05552985263744992,0.05510185627620018,0.05480915746303685,0.054498057087548346,0.0559051414054196,0.052000077525586275,0.05750231814990253,0.058473766954007016,0.0817367489182839,0.02764188854289279,0.028757330865183388,0.0529191647226688,0.012874999692754619,0.014496166421996925,0.015287703187648764,0.026880325670276994,0.05053856219762519,all
32,0.010568262534091473,0.06397418553235895,0.012329575889714315,0.08214479151610365,0.03972112320075863,0.012935866327298236,0.0136697977028976,0.005328681210569576,0.006393987882631495,0.00730873035523759,0.0031088920166531735,0.0063726018637214835,0.05557742633838209,0.050940136431044204,0.056617778223036416,0.05386027485611847,0.05205357751287483,0.049710388498321476,0.05640979032207433,0.0609877427403468,0.0827607091057183,0.031522371734377115,0.019909014501369927,0.05623816318703427,0.01287143013439044,0.01554065422840381,0.01261457145034348,0.02668480459314953,0.04184467011097849,all
33,0.010408909179897816,0.06183975344399664,0.011948814930608925,0.074445884238544,0.03175852788942613,0.011213826220308724,0.011115341472414024,0.007156706068338676,0.007376248207884173,0.008199889640496788,0.0030023038432655876,0.005353491341569966,0.05262371746674432,0.05055690599332352,0.05704249273931379,0.0556664243285993,0.0533131486224808,0.049136723667326625,0.05506949114021877,0.06324511775218429,0.0900904051813214,0.03245690894020109,0.02734826055839221,0.05500289269521872,0.012676622925237404,0.01385735155964992,0.014771777580893299,0.02618353078433614,0.047138531587807,all
34,0.010481699746644165,0.0643367946443829,0.012218884525654668,0.07358332571489036,0.035761652405735894,0.011790342336699152,0.011590148547021088,0.006652843476290048,0.005906757508693337,0.006685774990097523,0.002440892262517712,0.004648312619363002,0.05440265077183193,0.047383452084906845,0.05942572197924102,0.055257065873415355,0.0554331039386398,0.05055328746972884,0.05542037482042839,0.05944481853536017,0.0889161275277944,0.03653158656089115,0.027861878314659295,0.05087128242969409,0.013390299357764793,0.014322639831989377,0.012029645115193756,0.02715891936339797,0.04549971724707283,all
35,0.01131602578036527,0.0639583613807729,0.01119102839544918,0.07073508769374073,0.03101732693216008,0.012330012896421662,0.013549769984597301,0.008150516579289663,0.008042955637856666,0.007177359864562598,0.002515564154131218,0.004735204676755774,0.05381708339020413,0.05344750381773605,0.05891441234862876,0.05319193415185822,0.06198905118708747,0.049371567716676175,0.057227762740663775,0.061122956024519726,0.08351464814956151,0.03351365092217566,0.029849418240578338,0.052846676811234033,0.012266490195015519,0.016700345989632024,0.01254351770981527,0.023280619589053052,0.04168314703945716,all
36,0.00971836606135021,0.06660276788708616,0.011704787022281646,0.08162253973339217,0.048395912875105085,0.010604973609536848,0.010603829644156973,0.006715254380923312,0.00697127714440135,0.006502704390622295,0.0024427504950163778,0.004341958100505491,0.056490050452883245,0.05166425754495792,0.0572949172525027,0.053134151925361035,0.05711075907187284,0.05113224267701881,0.05264390522704457,0.05458026059690683,0.0766509223481645,0.03203038424292626,0.024633356940024113,0.05517135874779862,0.013239772481620726,0.013634324698878118,0.015147453304031788,0.03266355483020119,0.03655120631342891,all
37,0.012233665791149378,0.06847292182292139,0.01153295537027492,0.07309761324842191,0.03670274910308577,0.009782598973047358,0.010980488304062942,0.007454247638438651,0.00758323889147767,0.007564537685770151,0.00209175509992823,0.00404246963165597,0.05799089709655197,0.05168276078262755,0.053880260859490776,0.053868344262456284,0.054764901082970704,0.05034230932515054,0.05687180016478769,0.059914626789356544,0.08409615477164786,0.03170605617848165,0.03266253023775239,0.0484628579474126,0.00984031638980833,0.013354273840738626,0.012781690661983683,0.02947175099034499,0.04676922705820347,all
38,0.011345282321991923,0.06262242270075373,0.009954527250380001,0.0715888047996254,0.035637810792136064,0.011569184715366596,0.012871159725583411,0.008133316195431572,0.006878672999640875,0.005791944144750195,0.002330063222579225,0.004513429135885418,0.05504337721108978,0.05432534167689877,0.05446097937430409,0.05064371858818487,0.052433210720226206,0.052758309661858876,0.05710040377085725,0.05741538861254503,0.08739757355709885,0.03523713536649338,0.028077690268588945,0.0572995316985842,0.011644017629794914,0.01568071542955847,0.013109392860052228,0.02669945838977068,0.04743713717996903,all
39,0.010097446279271683,0.06544918909758352,0.010338091837672645,0.07706095341665599,0.037131585720491765,0.010968810553819576,0.011480859790970726,0.00697245133489158,0.00615262096409368,0.007309575146940073,0.0027649004483319,0.00477651757994621,0.05726520426341804,0.04960524883044933,0.057926775279934936,0.058674922734127576,0.05407034929714782,0.048697548612081566,0.058562386132813546,0.061676221767885474,0.0856274944983713,0.033700831093739995,0.024859756643666853,0.05612800078987287,0.013238882118638658,0.013259676724234233,0.012237194103634046,0.021337661073265582,0.042628843866048816,all
40,0.011181513708500918,0.06308535994808007,0.010802207300702672,0.07765410028166223,0.03652838854960141,0.01060670869846587,0.012945987197427554,0.00597994410412041,0.006699379641999319,0.006410416460415415,0.002476745727641297,0.005801589314017041,0.05672282632434235,0.05221487879342206,0.05499913523242096,0.05262172622964022,0.060849227632724226,0.05015842321460518,0.05471345622467788,0.05413866499909488,0.08367692933288447,0.030887635762893183,0.03134947427106433,0.057295305723427864,0.01249043899436251,0.014350352736867937,0.012589842533213035,0.022720268238162047,0.04804907282356266,all
41,0.01148192382787869,0.06410395909980575,0.011544085082449793,0.07152544990813091,0.03326711055579559,0.010565619534211666,0.010766569673953159,0.0063041478613867635,0.007089599246344141,0.007643779698872579,0.0020765844995772093,0.004584015084490316,0.05722620170911978,0.05555054745333809,0.05641567930234681,0.056801102136074075,0.059100280435342156,0.05240764343513419,0.056671188339495915,0.05879977343726214,0.08730128221457388,0.027402775759046958,0.022907077088808864,0.05846198238869643,0.012991647544215317,0.014729271105436568,0.01474903614208352,0.02893056493947908,0.03860110249664969,all
42,0.010389414351993347,0.06881649619477172,0.012272729127864052,0.07746665168694046,0.03550517527544934,0.013315521822087112,0.012018990925980551,0.006370610093843944,0.007029537136082802,0.007048517640002944,0.002900557020010632,0.00584492692643001,0.05659845877672035,0.052552080534242596,0.05737863675853235,0.055282558869754424,0.05764133100639486,0.04920869432183766,0.057770617740122675,0.0621847966379034,0.08436008511970561,0.029913610708203434,0.022282285994199635,0.05346982314937077,0.011586351524116197,0.012802926217493519,0.011607288302955803,0.027414074379423645,0.03896725175756608,all
43,0.008853913793437375,0.06901522473208054,0.01110379952856649,0.07988113353553895,0.044701931097994606,0.012785215683704719,0.012782364216575404,0.006253154406015991,0.007441055820975013,0.005023136312616321,0.0030518444298767993,0.005978496357640969,0.058624817411580016,0.04915360265610481,0.054978447569302806,0.06014380812225627,0.05405481496051966,0.04810610989529416,0.05466108065661418,0.05855873272770475,0.07793048028811042,0.033452021135883164,0.02431438448046813,0.05503453427489702,0.011809390428128019,0.013864890948416024,0.011648687585815023,0.02337208577545831,0.04342084116842394,all
44,0.010372725954716019,0.06518063322799889,0.010646740665302287,0.07566211906119048,0.038089354402524984,0.010401957546372588,0.011781712428803841,0.005897879223586977,0.0061871478167454695,0.006840138375634654,0.0017172482979843147,0.004451802981099167,0.05286799024323362,0.0525889641558051,0.05307963891119472,0.057877639669992584,0.0568504437822347,0.048700814062249506,0.055477266662674225,0.0619193670533794,0.0806950875522567,0.0319775117733786,0.028511714201106795,0.05494024567145254,0.010579457236631019,0.01258502071454395,0.0146207181401569,0.025764832364646512,0.05373382782310353,all
45,0.011113365878607184,0.06364950570780191,0.011576425248560295,0.08431351541541247,0.045485850595969234,0.01193715955275384,0.013136101726837192,0.007621135468941222,0.007448713482507745,0.00525107510541291,0.0022374875819230703,0.004878661075310276,0.056445349806015614,0.05196505025272541,0.057127829269109066,0.051511373310176314,0.056929530606368246,0.04886812951490344,0.058258881391235445,0.056357387059900885,0.07886354436758572,0.030319829653387073,0.03026823171286858,0.04747925625303035,0.00981809041756177,0.013513903101310771,0.013153143778754098,0.026852089303940677,0.04361938336108927,all
46,0.009346905500300784,0.061425474880212064,0.011626334516319253,0.07876346470868754,0.03624427286366443,0.012590295783553303,0.011912967629383748,0.0076574539806328334,0.006489927502194036,0.008741210833397272,0.0026082897692197987,0.004059256351212838,0.05494502878193095,0.05187599100584146,0.05763996195492224,0.05439841707934915,0.05487971511660136,0.05233472274912946,0.055222118471907146,0.05767332342110656,0.08081942501707388,0.02931295044488687,0.027770744217780106,0.053891271928597634,0.01268554369733519,0.014022265813019734,0.012410248015174817,0.022175019184278513,0.05647739878228727,all
47,0.009717104980296995,0.06401650119311564,0.011844771546119553,0.08165265474038295,0.040016589936009636,0.013929332225089044,0.012067594277696044,0.006352644630785564,0.007538233443156743,0.008641247061352367,0.0026572351941073916,0.004328210851646446,0.05696208958581818,0.05209636038529633,0.05358256576061392,0.05432808039103673,0.06016014856590199,0.050121077343850066,0.05212192514351774,0.05648865591159248,0.08272310085695071,0.03253646803049287,0.026856271751944258,0.057454845629945954,0.012058609125591155,0.013256039442054328,0.013782814724540758,0.024390930776615607,0.038317896494478434,all
48,0.009396178128076737,0.06392387520502064,0.010898221561716208,0.08382741293400453,0.04131789088995803,0.011642397339456028,0.01215964902933831,0.006002526432563021,0.006381149782350394,0.007320029641895104,0.0020153594873298596,0.0037425111573768377,0.05623971847841313,0.05342253892945511,0.05741840465160418,0.0579803269672514,0.055053714264183214,0.050060803368364465,0.05270788171757589,0.059011625882397584,0.07689617410954874,0.029523851066351813,0.02554763345155545,0.05250088210675471,0.012850836934889306,0.012865489094042417,0.010586787428435995,0.027777075869657164,0.050929054090433815,all
49,0.010985157947873258,0.06838099220557228,0.011182676467587391,0.08125260688848324,0.037162141470546535,0.013068899000356841,0.011858751564907243,0.006619152438429391,0.006337279203159294,0.007346886983790424,0.0024595745669827567,0.0046096757828726605,0.05151842604912611,0.05133263475051534,0.056483290819015264,0.06201285389732327,0.05709151315083333,0.050631197041006,0.0546247068612958,0.057961385953554496,0.07453131959998069,0.027395778117054664,0.022406732604665455,0.06081050240169385,0.011393814908808152,0.015582163999955684,0.011547517723841378,0.029513014840308775,0.043899352760460364,all
